"","dexno","pokename","Ability","hp","Atk","Def","SAtk","SDef","Spd","generation","Rate","Real","bst","genno"
"1",1,"Bulbasaur","Overgrow",45,49,49,65,65,45,1,0.02042,446,318,"1"
"2",2,"Ivysaur","Overgrow",60,62,63,80,80,60,1,0.00559,122,405,"1"
"3",3,"Venusaur","Overgrow",80,82,83,100,100,80,1,2.20123,48078,525,"1"
"4",4,"Charmander","Blaze",39,52,43,60,50,65,1,0.00801,175,309,"1"
"5",5,"Charmeleon","Blaze",58,64,58,80,65,80,1,0.0076,166,405,"1"
"6",6,"Charizard","Blaze",78,84,78,109,85,100,1,1.42308,31082,534,"1"
"7",7,"Squirtle","Torrent",44,48,65,50,64,43,1,0.01383,302,314,"1"
"8",8,"Wartortle","Torrent",59,63,80,65,80,58,1,0.01548,338,405,"1"
"9",9,"Blastoise","Torrent",79,83,100,85,105,78,1,1.05369,23014,530,"1"
"10",10,"Caterpie","Shield Dust",45,30,35,20,20,45,1,0.00293,64,195,"1"
"11",11,"Metapod","Shed Skin",50,20,55,25,25,30,1,0.00357,78,205,"1"
"12",12,"Butterfree","Compoundeyes",60,45,50,90,80,70,1,0.25053,5472,395,"1"
"13",13,"Weedle","Shield Dust",40,35,30,20,20,50,1,0,0,195,"1"
"14",14,"Kakuna","Shed Skin",45,25,50,25,25,35,1,0,0,205,"1"
"15",15,"Beedrill","Swarm",65,90,40,45,80,75,1,0,0,395,"1"
"16",16,"Pidgey","Keen Eye",40,45,40,35,35,56,1,0,0,251,"1"
"17",17,"Pidgeotto","Keen Eye",63,60,55,50,50,71,1,0,0,349,"1"
"18",18,"Pidgeot","Keen Eye",83,80,75,70,70,101,1,0,0,479,"1"
"19",19,"Rattata","Run Away",30,56,35,25,35,72,1,0,0,253,"1"
"20",20,"Raticate","Run Away",55,81,60,50,70,97,1,0,0,413,"1"
"21",21,"Spearow","Keen Eye",40,60,30,31,31,70,1,0,0,262,"1"
"22",22,"Fearow","Keen Eye",65,90,65,61,61,100,1,0,0,442,"1"
"23",23,"Ekans","Intimidate",35,60,44,40,54,55,1,0,0,288,"1"
"24",24,"Arbok","Intimidate",60,95,69,65,79,80,1,0,0,448,"1"
"25",25,"Pikachu","Static",35,55,40,50,50,90,1,0.347,7579,320,"1"
"26",26,"Raichu","Static",60,90,55,90,80,110,1,0.56022,12236,485,"1"
"27",26,"Raichu","Static",60,90,55,90,80,110,1,0.14353,3135,485,"1"
"28",27,"Sandshrew","Sand Veil",50,75,85,20,30,40,1,0.00934,204,300,"1"
"29",27,"Sandshrew","Sand Veil",50,75,85,20,30,40,1,0.00064,14,300,"1"
"30",28,"Sandslash","Sand Veil",75,100,110,45,55,65,1,0.38029,8306,450,"1"
"31",28,"Sandslash","Sand Veil",75,100,110,45,55,65,1,0.05577,1218,450,"1"
"32",29,"Nidoran♀","Poison Point",55,47,52,40,40,41,1,0,0,275,"1"
"33",30,"Nidorina","Poison Point",70,62,67,55,55,56,1,0.00037,8,365,"1"
"34",31,"Nidoqueen","Poison Point",90,92,87,75,85,76,1,0.27654,6040,505,"1"
"35",32,"Nidoran♂","Poison Point",46,57,40,40,40,50,1,0,0,273,"1"
"36",33,"Nidorino","Poison Point",61,72,57,55,55,65,1,0.00188,41,365,"1"
"37",34,"Nidoking","Poison Point",81,102,77,85,75,85,1,3.872,84570,505,"1"
"38",35,"Clefairy","Cute Charm",70,45,48,60,65,35,1,0.02898,633,323,"1"
"39",36,"Clefable","Cute Charm",95,70,73,95,90,60,1,10.83185,236583,483,"1"
"40",37,"Vulpix","Flash Fire",38,41,40,50,65,65,1,0.00394,86,299,"1"
"41",37,"Vulpix","Flash Fire",38,41,40,50,65,65,1,0.00096,21,299,"1"
"42",38,"Ninetales","Flash Fire",73,76,75,81,100,100,1,5.18753,113303,505,"1"
"43",38,"Ninetales","Flash Fire",73,76,75,81,100,100,1,0.63265,13818,505,"1"
"44",39,"Jigglypuff","Cute Charm",115,45,20,45,25,20,1,0.01735,379,270,"1"
"45",40,"Wigglytuff","Cute Charm",140,70,45,85,50,45,1,0.10434,2279,435,"1"
"46",41,"Zubat","Inner Focus",40,45,35,30,40,55,1,0.00453,99,245,"1"
"47",42,"Golbat","Inner Focus",75,80,70,65,75,90,1,0.02527,552,455,"1"
"48",43,"Oddish","Chlorophyll",45,50,55,75,65,30,1,0.0043,94,320,"1"
"49",44,"Gloom","Chlorophyll",60,65,70,85,75,40,1,0.00911,199,395,"1"
"50",45,"Vileplume","Chlorophyll",75,80,85,110,90,50,1,0.24591,5371,490,"1"
"51",46,"Paras","Effect Spore",35,70,55,45,55,25,1,0,0,285,"1"
"52",47,"Parasect","Effect Spore",60,95,80,60,80,30,1,0,0,405,"1"
"53",48,"Venonat","Compoundeyes",60,55,50,40,55,45,1,0,0,305,"1"
"54",49,"Venomoth","Shield Dust",70,65,60,90,75,90,1,0,0,450,"1"
"55",50,"Diglett","Sand Veil",10,55,25,35,45,95,1,0.00316,69,265,"1"
"56",50,"Diglett","Sand Veil",10,55,25,35,45,95,1,0.00069,15,265,"1"
"57",51,"Dugtrio","Sand Veil",35,100,50,50,70,120,1,0.06946,1517,425,"1"
"58",51,"Dugtrio","Sand Veil",35,100,50,50,70,120,1,0.04514,986,425,"1"
"59",52,"Meowth","Pickup",40,45,35,40,40,90,1,0.00256,56,290,"1"
"60",52,"Meowth","Pickup",40,45,35,40,40,90,1,0.00073,16,290,"1"
"61",52,"Meowth","Pickup",40,45,35,40,40,90,1,0.00069,15,290,"1"
"62",53,"Persian","Limber",65,70,60,65,65,115,1,0.11277,2463,440,"1"
"63",53,"Persian","Limber",65,70,60,65,65,115,1,0.04148,906,440,"1"
"64",54,"Psyduck","Damp",50,52,48,65,50,55,1,0.0076,166,320,"1"
"65",55,"Golduck","Damp",80,82,78,95,80,85,1,0.05828,1273,500,"1"
"66",56,"Mankey","Vital Spirit",40,80,35,35,45,70,1,0,0,305,"1"
"67",57,"Primeape","Vital Spirit",65,105,60,60,70,95,1,0,0,455,"1"
"68",58,"Growlithe","Intimidate",55,70,45,70,50,60,1,0.00165,36,350,"1"
"69",59,"Arcanine","Intimidate",90,110,80,100,80,95,1,0.83996,18346,555,"1"
"70",60,"Poliwag","Water Absorb",40,50,40,40,40,90,1,0.0016,35,300,"1"
"71",61,"Poliwhirl","Water Absorb",65,65,65,50,50,90,1,0.01039,227,385,"1"
"72",62,"Poliwrath","Water Absorb",90,95,95,70,90,70,1,0.21381,4670,510,"1"
"73",63,"Abra","Synchronize",25,20,15,105,55,90,1,0.01277,279,310,"1"
"74",64,"Kadabra","Synchronize",40,35,30,120,70,105,1,0.006,131,400,"1"
"75",65,"Alakazam","Synchronize",55,50,45,135,95,120,1,2.08736,45591,500,"1"
"76",66,"Machop","Guts",70,80,50,35,35,35,1,0.00124,27,305,"1"
"77",67,"Machoke","Guts",80,100,70,50,60,45,1,0.00957,209,405,"1"
"78",68,"Machamp","Guts",90,130,80,65,85,55,1,0.41911,9154,505,"1"
"79",69,"Bellsprout","Chlorophyll",50,75,35,70,30,40,1,0,0,300,"1"
"80",70,"Weepinbell","Chlorophyll",65,90,50,85,45,55,1,0,0,390,"1"
"81",71,"Victreebel","Chlorophyll",80,105,65,100,70,70,1,0,0,490,"1"
"82",72,"Tentacool","Clear Body",40,40,35,50,100,70,1,0.00215,47,335,"1"
"83",73,"Tentacruel","Clear Body",80,70,65,80,120,100,1,0.93341,20387,515,"1"
"84",74,"Geodude","Rock Head",40,80,100,30,30,20,1,0,0,300,"1"
"85",75,"Graveler","Rock Head",55,95,115,45,45,35,1,0,0,390,"1"
"86",76,"Golem","Rock Head",80,120,130,55,65,45,1,0,0,495,"1"
"87",77,"Ponyta","Run Away",50,85,55,65,65,90,1,0.00407,89,410,"1"
"88",77,"Ponyta","Run Away",50,85,55,65,65,90,1,0.00266,58,410,"1"
"89",78,"Rapidash","Run Away",65,100,70,80,80,105,1,0.07321,1599,500,"1"
"90",78,"Rapidash","Run Away",65,100,70,80,80,105,1,0.07055,1541,500,"1"
"91",79,"Slowpoke","Oblivious",90,65,65,40,40,15,1,0.00884,193,315,"1"
"92",79,"Slowpoke","Oblivious",90,65,65,40,40,15,1,0.00183,40,315,"1"
"93",80,"Slowbro","Oblivious",95,75,110,100,80,30,1,7.1271,155666,490,"1"
"94",80,"Slowbro","Oblivious",95,75,110,100,80,30,1,0.89458,19539,490,"1"
"95",81,"Magnemite","Magnet Pull",25,35,70,95,55,45,1,0.10563,2307,325,"1"
"96",82,"Magneton","Magnet Pull",50,60,95,120,70,70,1,0.06891,1505,465,"1"
"97",83,"Farfetch'd","Keen Eye",52,90,55,58,62,60,1,0.0234,511,377,"1"
"98",83,"Farfetch'd","Keen Eye",52,90,55,58,62,60,1,0.00714,156,377,"1"
"99",84,"Doduo","Run Away",35,85,45,35,35,75,1,0,0,310,"1"
"100",85,"Dodrio","Run Away",60,110,70,60,60,110,1,0,0,470,"1"
"101",86,"Seel","Thick Fat",65,45,55,45,70,45,1,0,0,325,"1"
"102",87,"Dewgong","Thick Fat",90,70,80,70,95,70,1,0,0,475,"1"
"103",88,"Grimer","Stench",80,80,50,40,50,25,1,0,0,325,"1"
"104",89,"Muk","Stench",105,105,75,65,100,50,1,0,0,500,"1"
"105",90,"Shellder","Shell Armor",30,65,100,45,25,40,1,0.00572,125,305,"1"
"106",91,"Cloyster","Shell Armor",50,95,180,85,45,70,1,2.74978,60059,525,"1"
"107",92,"Gastly","Levitate",30,35,30,100,35,80,1,0.01323,289,310,"1"
"108",93,"Haunter","Levitate",45,50,45,115,55,95,1,0.05251,1147,405,"1"
"109",94,"Gengar","Cursed Body",60,65,60,130,75,110,1,4.37128,95475,500,"1"
"110",95,"Onix","Rock Head",35,45,160,30,45,70,1,0.02742,599,385,"1"
"111",96,"Drowzee","Insomnia",60,48,45,43,90,42,1,0,0,328,"1"
"112",97,"Hypno","Insomnia",85,73,70,73,115,67,1,0,0,483,"1"
"113",98,"Krabby","Hyper Cutter",30,105,90,25,25,50,1,0.00174,38,325,"1"
"114",99,"Kingler","Hyper Cutter",55,130,115,50,50,75,1,0.09075,1982,475,"1"
"115",100,"Voltorb","Soundproof",40,30,50,55,55,100,1,0,0,330,"1"
"116",101,"Electrode","Soundproof",60,50,70,80,80,150,1,0,0,490,"1"
"117",102,"Exeggcute","Chlorophyll",60,40,80,60,45,40,1,0.00096,21,325,"1"
"118",103,"Exeggutor","Chlorophyll",95,95,85,125,75,55,1,0.14276,3118,530,"1"
"119",103,"Exeggutor","Chlorophyll",95,95,85,125,75,55,1,0.12783,2792,530,"1"
"120",104,"Cubone","Rock Head",50,50,95,40,50,35,1,0.00252,55,320,"1"
"121",105,"Marowak","Rock Head",60,80,110,50,80,45,1,1.19163,26027,425,"1"
"122",105,"Marowak","Rock Head",60,80,110,50,80,45,1,0.06204,1355,425,"1"
"123",106,"Hitmonlee","Limber",50,120,53,35,110,87,1,0.29815,6512,455,"1"
"124",107,"Hitmonchan","Keen Eye",50,105,79,35,110,76,1,0.08781,1918,455,"1"
"125",108,"Lickitung","Own Tempo",90,55,75,60,75,30,1,0.0081,177,385,"1"
"126",109,"Koffing","Levitate",40,65,95,60,45,35,1,0.00421,92,340,"1"
"127",110,"Weezing","Levitate",65,90,120,85,70,60,1,0.49818,10881,490,"1"
"128",110,"Weezing","Levitate",65,90,120,85,70,60,1,0.16281,3556,490,"1"
"129",111,"Rhyhorn","Lightning Rod",80,85,95,30,30,25,1,5e-04,11,345,"1"
"130",112,"Rhydon","Lightning Rod",105,130,120,45,45,40,1,0.11396,2489,485,"1"
"131",113,"Chansey","Natural Cure",250,5,5,35,105,50,1,1.80249,39369,450,"1"
"132",114,"Tangela","Chlorophyll",65,55,115,100,40,60,1,0.06547,1430,435,"1"
"133",115,"Kangaskhan","Early Bird",105,95,80,40,80,90,1,0.05952,1300,490,"1"
"134",116,"Horsea","Swift Swim",30,40,70,70,25,60,1,0.00018,4,295,"1"
"135",117,"Seadra","Poison Point",55,65,95,95,45,85,1,0.00801,175,440,"1"
"136",118,"Goldeen","Swift Swim",45,67,60,35,50,63,1,0.00234,51,320,"1"
"137",119,"Seaking","Swift Swim",80,92,65,65,80,68,1,0.04024,879,450,"1"
"138",120,"Staryu","Illuminate",30,45,55,70,55,85,1,0.0022,48,340,"1"
"139",121,"Starmie","Illuminate",60,75,85,100,85,115,1,0.63714,13916,520,"1"
"140",122,"Mr. Mime","Soundproof",40,45,65,100,120,90,1,0.06776,1480,460,"1"
"141",122,"Mr. Mime","Soundproof",40,45,65,100,120,90,1,0.05705,1246,460,"1"
"142",123,"Scyther","Swarm",70,110,80,55,80,105,1,0.23671,5170,500,"1"
"143",124,"Jynx","Oblivious",65,50,35,115,95,95,1,0.06268,1369,455,"1"
"144",125,"Electabuzz","Static",65,83,57,95,85,105,1,0.02994,654,490,"1"
"145",126,"Magmar","Flame Body",65,95,57,100,85,93,1,0.02541,555,495,"1"
"146",127,"Pinsir","Hyper Cutter",65,125,100,55,70,85,1,0.03709,810,500,"1"
"147",128,"Tauros","Intimidate",75,100,95,40,70,110,1,0.19935,4354,490,"1"
"148",129,"Magikarp","Swift Swim",20,10,55,15,20,80,1,0.03608,788,200,"1"
"149",130,"Gyarados","Intimidate",95,125,79,60,100,81,1,2.05298,44840,540,"1"
"150",131,"Lapras","Water Absorb",130,85,80,85,95,60,1,0.37626,8218,535,"1"
"151",132,"Ditto","Limber",48,48,48,48,48,48,1,1.67159,36510,288,"1"
"152",133,"Eevee","Run Away",55,55,50,45,65,55,1,0.02518,550,325,"1"
"153",134,"Vaporeon","Water Absorb",130,65,60,110,95,65,1,0.51315,11208,525,"1"
"154",135,"Jolteon","Volt Absorb",65,65,60,110,95,130,1,0.70801,15464,525,"1"
"155",136,"Flareon","Flash Fire",65,130,60,95,110,65,1,0.18602,4063,525,"1"
"156",137,"Porygon","Trace",65,60,70,85,75,40,1,1.29612,28309,395,"1"
"157",137,"Porygon","Trace",65,60,70,85,75,40,1,0.00787,172,395,"1"
"158",138,"Omanyte","Swift Swim",35,40,100,90,55,35,1,0.00517,113,355,"1"
"159",139,"Omastar","Swift Swim",70,60,125,115,70,55,1,0.35437,7740,495,"1"
"160",140,"Kabuto","Swift Swim",30,80,90,55,45,55,1,0.00156,34,355,"1"
"161",141,"Kabutops","Swift Swim",60,115,105,65,70,80,1,0.19697,4302,495,"1"
"162",142,"Aerodactyl","Rock Head",80,105,65,60,75,130,1,0.40419,8828,515,"1"
"163",143,"Snorlax","Immunity",160,110,65,65,110,30,1,1.24868,27273,540,"1"
"164",144,"Articuno","Pressure",90,85,100,95,125,85,1,0.20786,4540,580,"1"
"165",144,"Articuno","Pressure",90,85,100,95,125,85,1,0.1814,3962,580,"1"
"166",145,"Zapdos","Pressure",90,90,85,125,90,100,1,11.40169,249029,580,"1"
"167",145,"Zapdos","Pressure",90,90,85,125,90,100,1,5.7059,124625,580,"1"
"168",146,"Moltres","Pressure",90,100,90,125,85,90,1,2.21345,48345,580,"1"
"169",146,"Moltres","Pressure",90,100,90,125,85,90,1,1.06944,23358,580,"1"
"170",147,"Dratini","Shed Skin",41,64,45,50,50,50,1,0.00572,125,300,"1"
"171",148,"Dragonair","Shed Skin",61,84,65,70,70,70,1,0.02688,587,420,"1"
"172",149,"Dragonite","Inner Focus",91,134,95,100,100,80,1,8.67869,189555,600,"1"
"173",150,"Mewtwo","Pressure",106,110,90,154,90,130,1,0,0,680,"1"
"174",151,"Mew","Synchronize",100,100,100,100,100,100,1,5.71405,124803,600,"1"
"175",152,"Chikorita","Overgrow",45,49,65,49,65,45,2,0,0,318,"2"
"176",153,"Bayleef","Overgrow",60,62,80,63,80,60,2,0,0,405,"2"
"177",154,"Meganium","Overgrow",80,82,100,83,100,80,2,0,0,525,"2"
"178",155,"Cyndaquil","Blaze",39,52,43,60,50,65,2,0,0,309,"2"
"179",156,"Quilava","Blaze",58,64,58,80,65,80,2,0,0,405,"2"
"180",157,"Typhlosion","Blaze",78,84,78,109,85,100,2,0,0,534,"2"
"181",158,"Totodile","Torrent",50,65,64,44,48,43,2,0,0,314,"2"
"182",159,"Croconaw","Torrent",65,80,80,59,63,58,2,0,0,405,"2"
"183",160,"Feraligatr","Torrent",85,105,100,79,83,78,2,0,0,530,"2"
"184",161,"Sentret","Run Away",35,46,34,35,45,20,2,0,0,215,"2"
"185",162,"Furret","Run Away",85,76,64,45,55,90,2,0,0,415,"2"
"186",163,"Hoothoot","Insomnia",60,30,30,36,56,50,2,0.00018,4,262,"2"
"187",164,"Noctowl","Insomnia",100,50,50,86,96,70,2,0.03786,827,452,"2"
"188",165,"Ledyba","Swarm",40,20,30,40,80,55,2,0,0,265,"2"
"189",166,"Ledian","Swarm",55,35,50,55,110,85,2,0,0,390,"2"
"190",167,"Spinarak","Swarm",40,60,40,40,40,30,2,0,0,250,"2"
"191",168,"Ariados","Swarm",70,90,70,60,70,40,2,0,0,400,"2"
"192",169,"Crobat","Inner Focus",85,90,80,70,80,130,2,0.6207,13557,535,"2"
"193",170,"Chinchou","Volt Absorb",75,38,38,56,56,67,2,0.00147,32,330,"2"
"194",171,"Lanturn","Volt Absorb",125,58,58,76,76,67,2,0.22393,4891,460,"2"
"195",172,"Pichu","Static",20,40,15,35,35,60,2,0.01154,252,205,"2"
"196",173,"Cleffa","Cute Charm",50,25,28,45,55,15,2,0.00243,53,218,"2"
"197",174,"Igglybuff","Cute Charm",90,30,15,40,20,15,2,0.00096,21,210,"2"
"198",175,"Togepi","Hustle",35,20,65,40,65,20,2,0.00568,124,245,"2"
"199",176,"Togetic","Hustle",55,40,85,80,105,40,2,0.01845,403,405,"2"
"200",177,"Natu","Synchronize",40,50,45,70,45,70,2,0.00678,148,320,"2"
"201",178,"Xatu","Synchronize",65,75,70,95,70,95,2,0.47378,10348,470,"2"
"202",179,"Mareep","Static",55,40,40,65,45,35,2,0,0,280,"2"
"203",180,"Flaaffy","Static",70,55,55,80,60,45,2,0,0,365,"2"
"204",181,"Ampharos","Static",90,75,85,115,90,55,2,0,0,510,"2"
"205",182,"Bellossom","Chlorophyll",75,80,95,90,100,50,2,0.05142,1123,490,"2"
"206",183,"Marill","Thick Fat",70,20,50,20,50,40,2,0.00897,196,250,"2"
"207",184,"Azumarill","Thick Fat",100,50,80,60,80,50,2,2.34138,51139,420,"2"
"208",185,"Sudowoodo","Sturdy",70,100,115,30,65,30,2,0.04075,890,410,"2"
"209",186,"Politoed","Water Absorb",90,75,75,90,100,70,2,0.62716,13698,500,"2"
"210",187,"Hoppip","Chlorophyll",35,35,40,35,55,50,2,0,0,250,"2"
"211",188,"Skiploom","Chlorophyll",55,45,50,45,65,80,2,0,0,340,"2"
"212",189,"Jumpluff","Chlorophyll",75,55,70,55,95,110,2,0,0,460,"2"
"213",190,"Aipom","Run Away",55,70,55,40,55,85,2,0,0,360,"2"
"214",191,"Sunkern","Chlorophyll",30,30,30,30,30,30,2,0,0,180,"2"
"215",192,"Sunflora","Chlorophyll",75,75,55,105,85,30,2,0,0,425,"2"
"216",193,"Yanma","Speed Boost",65,65,45,75,45,95,2,0,0,390,"2"
"217",194,"Wooper","Damp",55,45,45,25,25,15,2,0.025,546,210,"2"
"218",195,"Quagsire","Damp",95,85,85,65,65,35,2,1.29296,28240,430,"2"
"219",196,"Espeon","Synchronize",65,65,60,130,95,110,2,1.22675,26794,525,"2"
"220",197,"Umbreon","Synchronize",95,65,110,60,130,65,2,1.5016,32797,525,"2"
"221",198,"Murkrow","Insomnia",60,85,42,85,42,91,2,0,0,405,"2"
"222",199,"Slowking","Oblivious",95,75,80,100,110,30,2,5.48888,119885,490,"2"
"223",199,"Slowking","Oblivious",95,75,80,100,110,30,2,2.43441,53171,490,"2"
"224",200,"Misdreavus","Levitate",60,60,60,85,85,85,2,0,0,435,"2"
"225",201,"Unown","Levitate",48,72,48,72,48,48,2,0,0,336,"2"
"226",202,"Wobbuffet","Shadow Tag",190,33,58,33,58,33,2,0.10421,2276,405,"2"
"227",203,"Girafarig","Inner Focus",70,80,65,90,65,85,2,0,0,455,"2"
"228",204,"Pineco","Sturdy",50,65,90,35,35,15,2,0,0,290,"2"
"229",205,"Forretress","Sturdy",75,90,140,60,60,40,2,0,0,465,"2"
"230",206,"Dunsparce","Serene Grace",100,70,70,65,65,45,2,0.06964,1521,415,"2"
"231",207,"Gligar","Hyper Cutter",65,75,105,35,65,85,2,0,0,430,"2"
"232",208,"Steelix","Rock Head",75,85,200,55,65,30,2,0.37292,8145,510,"2"
"233",209,"Snubbull","Intimidate",60,80,50,40,40,30,2,0,0,300,"2"
"234",210,"Granbull","Intimidate",90,120,75,60,60,45,2,0,0,450,"2"
"235",211,"Qwilfish","Poison Point",65,95,85,55,55,85,2,0.07728,1688,440,"2"
"236",212,"Scizor","Swarm",70,130,100,55,80,65,2,6.74169,147248,500,"2"
"237",213,"Shuckle","Sturdy",20,10,230,10,230,5,2,1.77104,38682,505,"2"
"238",214,"Heracross","Swarm",80,125,75,40,95,85,2,0.57657,12593,500,"2"
"239",215,"Sneasel","Inner Focus",55,95,55,35,75,115,2,0.02449,535,430,"2"
"240",216,"Teddiursa","Pickup",60,80,50,50,50,40,2,0,0,330,"2"
"241",217,"Ursaring","Guts",90,130,75,75,75,55,2,0,0,500,"2"
"242",218,"Slugma","Magma Armor",40,40,40,70,40,20,2,0,0,250,"2"
"243",219,"Magcargo","Magma Armor",60,50,120,90,80,30,2,0,0,430,"2"
"244",220,"Swinub","Oblivious",50,50,40,30,30,50,2,0.00302,66,250,"2"
"245",221,"Piloswine","Oblivious",100,100,80,60,60,50,2,0.03947,862,450,"2"
"246",222,"Corsola","Hustle",65,55,95,65,95,35,2,0.75274,16441,410,"2"
"247",222,"Corsola","Hustle",65,55,95,65,95,35,2,0.04185,914,410,"2"
"248",223,"Remoraid","Hustle",35,65,35,65,35,65,2,0.00101,22,300,"2"
"249",224,"Octillery","Suction Cups",75,105,75,105,75,45,2,0.04043,883,480,"2"
"250",225,"Delibird","Vital Spirit",45,55,45,65,45,75,2,0.03937,860,330,"2"
"251",226,"Mantine","Swift Swim",85,40,70,80,140,70,2,0.33089,7227,485,"2"
"252",227,"Skarmory","Keen Eye",65,80,140,40,70,70,2,2.66228,58148,465,"2"
"253",228,"Houndour","Early Bird",45,60,30,80,50,65,2,0,0,330,"2"
"254",229,"Houndoom","Early Bird",75,90,50,110,80,95,2,0,0,500,"2"
"255",230,"Kingdra","Swift Swim",75,95,95,95,95,85,2,1.16123,25363,540,"2"
"256",231,"Phanpy","Pickup",90,60,60,40,40,40,2,0,0,330,"2"
"257",232,"Donphan","Sturdy",90,120,120,60,60,50,2,0,0,500,"2"
"258",233,"Porygon2","Trace",85,80,90,105,95,60,2,1.37084,29941,515,"2"
"259",234,"Stantler","Intimidate",73,95,62,85,65,85,2,0,0,465,"2"
"260",235,"Smeargle","Own Tempo",55,20,35,20,45,75,2,0,0,250,"2"
"261",236,"Tyrogue","Guts",35,35,35,35,35,35,2,0.00124,27,210,"2"
"262",237,"Hitmontop","Intimidate",50,95,95,35,110,70,2,0.30506,6663,455,"2"
"263",238,"Smoochum","Oblivious",45,30,15,85,65,65,2,5e-04,11,305,"2"
"264",239,"Elekid","Static",45,63,37,65,55,95,2,0.00243,53,360,"2"
"265",240,"Magby","Flame Body",45,75,37,70,55,83,2,0.0033,72,365,"2"
"266",241,"Miltank","Thick Fat",95,80,105,40,70,100,2,0.1444,3154,490,"2"
"267",242,"Blissey","Natural Cure",255,10,10,75,135,55,2,8.7514,191143,540,"2"
"268",243,"Raikou","Pressure",90,85,75,115,100,115,2,0.35891,7839,580,"2"
"269",244,"Entei","Pressure",115,115,85,90,75,100,2,0.52455,11457,580,"2"
"270",245,"Suicune","Pressure",100,75,115,90,115,85,2,0.83571,18253,580,"2"
"271",246,"Larvitar","Guts",50,64,50,45,50,41,2,0.0016,35,300,"2"
"272",247,"Pupitar","Shed Skin",70,84,70,65,70,51,2,0.00151,33,410,"2"
"273",248,"Tyranitar","Sand Stream",100,134,110,95,100,61,2,7.69249,168015,600,"2"
"274",249,"Lugia","Pressure",106,90,130,90,154,110,2,0,0,680,"2"
"275",250,"Ho-Oh","Pressure",106,130,90,110,154,90,2,0,0,680,"2"
"276",251,"Celebi","Natural Cure",100,100,100,100,100,100,2,0.20708,4523,600,"2"
"277",252,"Treecko","Overgrow",40,45,35,65,55,70,3,0.01635,357,310,"3"
"278",253,"Grovyle","Overgrow",50,65,45,85,65,95,3,0.00426,93,405,"3"
"279",254,"Sceptile","Overgrow",70,85,65,105,85,120,3,0.51993,11356,530,"3"
"280",255,"Torchic","Blaze",45,60,40,70,50,45,3,0.00371,81,310,"3"
"281",256,"Combusken","Blaze",60,85,60,85,60,55,3,0.01566,342,405,"3"
"282",257,"Blaziken","Blaze",80,120,70,110,70,80,3,4.89785,106976,530,"3"
"283",258,"Mudkip","Torrent",50,70,50,50,50,40,3,0.00435,95,310,"3"
"284",259,"Marshtomp","Torrent",70,85,70,60,70,50,3,0.00568,124,405,"3"
"285",260,"Swampert","Torrent",100,110,90,85,90,60,3,2.8391,62010,535,"3"
"286",261,"Poochyena","Run Away",35,55,35,30,30,35,3,0,0,220,"3"
"287",262,"Mightyena","Intimidate",70,90,70,60,60,70,3,0,0,420,"3"
"288",263,"Zigzagoon","Pickup",38,30,41,30,41,60,3,0.00183,40,240,"3"
"289",263,"Zigzagoon","Pickup",38,30,41,30,41,60,3,0.00069,15,240,"3"
"290",264,"Linoone","Pickup",78,70,61,50,61,100,3,0.29499,6443,420,"3"
"291",264,"Linoone","Pickup",78,70,61,50,61,100,3,0.00449,98,420,"3"
"292",265,"Wurmple","Shield Dust",45,45,35,20,30,20,3,0,0,195,"3"
"293",266,"Silcoon","Shed Skin",50,35,55,25,25,15,3,0,0,205,"3"
"294",267,"Beautifly","Swarm",60,70,50,100,50,65,3,0,0,395,"3"
"295",268,"Cascoon","Shed Skin",50,35,55,25,25,15,3,0,0,205,"3"
"296",269,"Dustox","Shield Dust",60,50,70,50,90,65,3,0,0,385,"3"
"297",270,"Lotad","Swift Swim",40,30,30,40,50,30,3,0.00055,12,220,"3"
"298",271,"Lombre","Swift Swim",60,50,50,60,70,50,3,0.00087,19,340,"3"
"299",272,"Ludicolo","Swift Swim",80,70,70,90,100,70,3,0.38345,8375,480,"3"
"300",273,"Seedot","Chlorophyll",40,40,50,30,30,30,3,0.00082,18,220,"3"
"301",274,"Nuzleaf","Chlorophyll",70,70,40,60,40,60,3,0.00627,137,340,"3"
"302",275,"Shiftry","Chlorophyll",90,100,60,90,60,80,3,0.20814,4546,480,"3"
"303",276,"Taillow","Guts",40,55,30,30,30,85,3,0,0,270,"3"
"304",277,"Swellow","Guts",60,85,60,75,50,125,3,0,0,455,"3"
"305",278,"Wingull","Keen Eye",40,30,30,55,30,85,3,0.00252,55,270,"3"
"306",279,"Pelipper","Keen Eye",60,50,100,95,70,65,3,7.09217,154903,440,"3"
"307",280,"Ralts","Synchronize",28,25,25,45,35,40,3,0.00568,124,198,"3"
"308",281,"Kirlia","Synchronize",38,35,35,65,55,50,3,0.00403,88,278,"3"
"309",282,"Gardevoir","Synchronize",68,65,65,125,115,80,3,1.0215,22311,518,"3"
"310",283,"Surskit","Swift Swim",40,30,32,50,52,65,3,0,0,269,"3"
"311",284,"Masquerain","Intimidate",70,60,62,100,82,80,3,0,0,454,"3"
"312",285,"Shroomish","Effect Spore",60,40,60,40,60,35,3,0,0,295,"3"
"313",286,"Breloom","Effect Spore",60,130,80,60,60,70,3,0,0,460,"3"
"314",287,"Slakoth","Truant",60,60,60,35,35,30,3,0,0,280,"3"
"315",288,"Vigoroth","Vital Spirit",80,80,80,55,55,90,3,0,0,440,"3"
"316",289,"Slaking","Truant",150,160,100,95,65,100,3,0,0,670,"3"
"317",290,"Nincada","Compoundeyes",31,45,90,30,30,40,3,0.00229,50,266,"3"
"318",291,"Ninjask","Speed Boost",61,90,45,50,50,160,3,0.29705,6488,456,"3"
"319",292,"Shedinja","Wonder Guard",1,90,45,30,30,40,3,0.71039,15516,236,"3"
"320",293,"Whismur","Soundproof",64,51,23,51,23,28,3,0.00082,18,240,"3"
"321",294,"Loudred","Soundproof",84,71,43,71,43,48,3,0.0011,24,360,"3"
"322",295,"Exploud","Soundproof",104,91,63,91,73,68,3,0.18048,3942,490,"3"
"323",296,"Makuhita","Thick Fat",72,60,30,20,30,25,3,0,0,237,"3"
"324",297,"Hariyama","Thick Fat",144,120,60,40,60,50,3,0,0,474,"3"
"325",298,"Azurill","Thick Fat",50,20,40,20,40,20,3,0.00151,33,190,"3"
"326",299,"Nosepass","Sturdy",30,45,135,45,90,30,3,0,0,375,"3"
"327",300,"Skitty","Cute Charm",50,45,45,35,35,50,3,0,0,260,"3"
"328",301,"Delcatty","Cute Charm",70,65,65,55,55,90,3,0,0,400,"3"
"329",302,"Sableye","Keen Eye",50,75,75,65,65,50,3,0.4192,9156,380,"3"
"330",303,"Mawile","Hyper Cutter",50,85,85,55,55,50,3,0.06991,1527,380,"3"
"331",304,"Aron","Sturdy",50,70,100,40,40,30,3,0.21748,4750,330,"3"
"332",305,"Lairon","Sturdy",60,90,140,50,50,40,3,0.01438,314,430,"3"
"333",306,"Aggron","Sturdy",70,110,180,60,60,50,3,0.37955,8290,530,"3"
"334",307,"Meditite","Pure Power",30,40,55,40,55,60,3,0,0,280,"3"
"335",308,"Medicham","Pure Power",60,60,75,60,75,80,3,0,0,410,"3"
"336",309,"Electrike","Static",40,45,40,65,40,65,3,0.00133,29,295,"3"
"337",310,"Manectric","Static",70,75,60,105,60,105,3,0.11075,2419,475,"3"
"338",311,"Plusle","Plus",60,50,40,85,75,95,3,0,0,405,"3"
"339",312,"Minun","Minus",60,40,50,75,85,95,3,0,0,405,"3"
"340",313,"Volbeat","Illuminate",65,73,75,47,85,85,3,0,0,430,"3"
"341",314,"Illumise","Oblivious",65,47,75,73,85,85,3,0,0,430,"3"
"342",315,"Roselia","Natural Cure",50,60,45,100,80,65,3,0.00691,151,400,"3"
"343",316,"Gulpin","Liquid Ooze",70,43,53,43,53,40,3,0,0,302,"3"
"344",317,"Swalot","Liquid Ooze",100,73,83,73,83,55,3,0,0,467,"3"
"345",318,"Carvanha","Rough Skin",45,90,20,65,20,65,3,0.0027,59,305,"3"
"346",319,"Sharpedo","Rough Skin",70,120,40,95,40,95,3,0.46458,10147,460,"3"
"347",320,"Wailmer","Water Veil",130,70,35,70,35,60,3,0.00362,79,400,"3"
"348",321,"Wailord","Water Veil",170,90,45,90,45,60,3,0.07802,1704,500,"3"
"349",322,"Numel","Oblivious",60,60,40,65,45,35,3,0,0,305,"3"
"350",323,"Camerupt","Magma Armor",70,100,70,105,75,40,3,0,0,460,"3"
"351",324,"Torkoal","White Smoke",70,85,140,85,70,20,3,2.09574,45774,470,"3"
"352",325,"Spoink","Thick Fat",60,25,35,70,80,60,3,0,0,330,"3"
"353",326,"Grumpig","Thick Fat",80,45,65,90,110,80,3,0,0,470,"3"
"354",327,"Spinda","Own Tempo",60,60,60,60,60,60,3,0,0,360,"3"
"355",328,"Trapinch","Hyper Cutter",45,100,45,45,45,10,3,0.00279,61,290,"3"
"356",329,"Vibrava","Levitate",50,70,50,50,50,70,3,0.0016,35,340,"3"
"357",330,"Flygon","Levitate",80,100,80,80,80,100,3,0.63737,13921,520,"3"
"358",331,"Cacnea","Sand Veil",50,85,40,85,40,35,3,0,0,335,"3"
"359",332,"Cacturne","Sand Veil",70,115,60,115,60,55,3,0,0,475,"3"
"360",333,"Swablu","Natural Cure",45,40,60,40,75,50,3,0.00078,17,310,"3"
"361",334,"Altaria","Natural Cure",75,70,90,70,105,80,3,0.11492,2510,490,"3"
"362",335,"Zangoose","Immunity",73,115,60,60,60,90,3,0,0,458,"3"
"363",336,"Seviper","Shed Skin",73,100,60,100,60,65,3,0,0,458,"3"
"364",337,"Lunatone","Levitate",90,55,65,95,85,70,3,0.0157,343,460,"3"
"365",338,"Solrock","Levitate",90,95,85,55,65,70,3,0.02262,494,460,"3"
"366",339,"Barboach","Oblivious",50,48,43,46,41,60,3,0.00243,53,288,"3"
"367",340,"Whiscash","Oblivious",110,78,73,76,71,60,3,0.06167,1347,468,"3"
"368",341,"Corphish","Hyper Cutter",43,80,65,50,35,35,3,0.00394,86,308,"3"
"369",342,"Crawdaunt","Hyper Cutter",63,120,85,90,55,55,3,1.94745,42535,468,"3"
"370",343,"Baltoy","Levitate",40,40,55,40,70,55,3,0.00389,85,300,"3"
"371",344,"Claydol","Levitate",60,70,105,70,120,75,3,0.23881,5216,500,"3"
"372",345,"Lileep","Suction Cups",66,41,77,61,87,23,3,0.00412,90,355,"3"
"373",346,"Cradily","Suction Cups",86,81,97,81,107,43,3,0.27301,5963,495,"3"
"374",347,"Anorith","Battle Armor",45,95,50,40,50,75,3,0.00252,55,355,"3"
"375",348,"Armaldo","Battle Armor",75,125,100,70,80,45,3,0.08749,1911,495,"3"
"376",349,"Feebas","Swift Swim",20,15,20,10,55,80,3,0.00343,75,200,"3"
"377",350,"Milotic","Marvel Scale",95,60,79,100,125,81,3,1.25889,27496,540,"3"
"378",351,"Castform","Forecast",70,70,70,70,70,70,3,0,0,420,"3"
"379",352,"Kecleon","Color Change",60,90,70,60,120,40,3,0,0,440,"3"
"380",353,"Shuppet","Insomnia",44,75,35,63,33,45,3,0,0,295,"3"
"381",354,"Banette","Insomnia",64,115,65,83,63,65,3,0,0,455,"3"
"382",355,"Duskull","Levitate",20,40,90,30,90,25,3,0.00907,198,295,"3"
"383",356,"Dusclops","Pressure",40,70,130,60,130,25,3,0.35497,7753,455,"3"
"384",357,"Tropius","Chlorophyll",99,68,83,72,87,51,3,0,0,460,"3"
"385",358,"Chimecho","Levitate",75,50,80,95,90,65,3,0,0,455,"3"
"386",359,"Absol","Pressure",65,130,60,75,60,75,3,0.22654,4948,465,"3"
"387",360,"Wynaut","Shadow Tag",95,23,48,23,48,23,3,0.01442,315,260,"3"
"388",361,"Snorunt","Inner Focus",50,50,50,50,50,50,3,0.00018,4,300,"3"
"389",362,"Glalie","Inner Focus",80,80,80,80,80,80,3,0.01113,243,480,"3"
"390",363,"Spheal","Thick Fat",70,40,50,55,50,25,3,0.00462,101,290,"3"
"391",364,"Sealeo","Thick Fat",90,60,70,75,70,45,3,0.00224,49,410,"3"
"392",365,"Walrein","Thick Fat",110,80,90,95,90,65,3,0.09363,2045,530,"3"
"393",366,"Clamperl","Shell Armor",35,64,85,74,55,32,3,0,0,345,"3"
"394",367,"Huntail","Swift Swim",55,104,105,94,75,52,3,0,0,485,"3"
"395",368,"Gorebyss","Swift Swim",55,84,105,114,75,52,3,0,0,485,"3"
"396",369,"Relicanth","Swift Swim",100,90,130,45,65,55,3,0.02939,642,485,"3"
"397",370,"Luvdisc","Swift Swim",43,30,55,40,65,97,3,0,0,330,"3"
"398",371,"Bagon","Rock Head",45,75,60,40,30,50,3,0.00206,45,300,"3"
"399",372,"Shelgon","Rock Head",65,95,100,60,50,50,3,0.00407,89,420,"3"
"400",373,"Salamence","Intimidate",95,135,80,110,80,100,3,1.65823,36218,600,"3"
"401",374,"Beldum","Clear Body",40,55,80,35,60,30,3,0.00046,10,300,"3"
"402",375,"Metang","Clear Body",60,75,100,55,80,50,3,0.01264,276,420,"3"
"403",376,"Metagross","Clear Body",80,135,130,95,90,70,3,1.26471,27623,600,"3"
"404",377,"Regirock","Clear Body",80,100,200,50,100,50,3,0.25809,5637,580,"3"
"405",378,"Regice","Clear Body",80,50,100,100,200,50,3,0.23053,5035,580,"3"
"406",379,"Registeel","Clear Body",80,75,150,75,150,50,3,0.36467,7965,580,"3"
"407",380,"Latias","Levitate",80,80,90,110,130,110,3,1.01179,22099,600,"3"
"408",381,"Latios","Levitate",80,90,80,130,110,110,3,2.65578,58006,600,"3"
"409",382,"Kyogre","Drizzle",100,100,90,150,140,90,3,0,0,670,"3"
"410",383,"Groudon","Drought",100,150,140,100,90,90,3,0,0,670,"3"
"411",384,"Rayquaza","Air Lock",105,150,90,150,90,95,3,0,0,680,"3"
"412",385,"Jirachi","Serene Grace",100,100,100,100,100,100,3,2.43991,53291,600,"3"
"413",386,"Deoxys","Pressure",50,150,50,150,50,150,3,0,0,600,"3"
"414",387,"Turtwig","Overgrow",55,68,64,45,55,31,4,0,0,318,"4"
"415",388,"Grotle","Overgrow",75,89,85,55,65,36,4,0,0,405,"4"
"416",389,"Torterra","Overgrow",95,109,105,75,85,56,4,0,0,525,"4"
"417",390,"Chimchar","Blaze",44,58,44,58,44,61,4,0,0,309,"4"
"418",391,"Monferno","Blaze",64,78,52,78,52,81,4,0,0,405,"4"
"419",392,"Infernape","Blaze",76,104,71,104,71,108,4,0,0,534,"4"
"420",393,"Piplup","Torrent",53,51,53,61,56,40,4,0,0,314,"4"
"421",394,"Prinplup","Torrent",64,66,68,81,76,50,4,0,0,405,"4"
"422",395,"Empoleon","Torrent",84,86,88,111,101,60,4,0,0,530,"4"
"423",396,"Starly","Keen Eye",40,55,30,30,30,60,4,0,0,245,"4"
"424",397,"Staravia","Intimidate",55,75,50,40,40,80,4,0,0,340,"4"
"425",398,"Staraptor","Intimidate",85,120,70,50,60,100,4,0,0,485,"4"
"426",399,"Bidoof","Simple",59,45,40,35,40,31,4,0,0,250,"4"
"427",400,"Bibarel","Simple",79,85,60,55,60,71,4,0,0,410,"4"
"428",401,"Kricketot","Shed Skin",37,25,41,25,41,25,4,0,0,194,"4"
"429",402,"Kricketune","Swarm",77,85,51,55,51,65,4,0,0,384,"4"
"430",403,"Shinx","Rivalry",45,65,34,40,34,45,4,0.00087,19,263,"4"
"431",404,"Luxio","Rivalry",60,85,49,60,49,60,4,0.00092,20,363,"4"
"432",405,"Luxray","Rivalry",80,120,79,95,79,70,4,0.13456,2939,523,"4"
"433",406,"Budew","Natural Cure",40,30,35,50,70,55,4,0.00206,45,280,"4"
"434",407,"Roserade","Natural Cure",60,70,65,125,105,90,4,0.5371,11731,515,"4"
"435",408,"Cranidos","Mold Breaker",67,125,40,30,30,58,4,0,0,350,"4"
"436",409,"Rampardos","Mold Breaker",97,165,60,65,50,58,4,0,0,495,"4"
"437",410,"Shieldon","Sturdy",30,42,118,42,88,30,4,0,0,350,"4"
"438",411,"Bastiodon","Sturdy",60,52,168,47,138,30,4,0,0,495,"4"
"439",412,"Burmy","Shed Skin",40,29,45,29,45,36,4,0,0,224,"4"
"440",413,"Wormadam","Anticipation",60,59,85,79,105,36,4,0,0,424,"4"
"441",414,"Mothim","Swarm",70,94,50,94,50,66,4,0,0,424,"4"
"442",415,"Combee","Honey Gather",30,30,42,30,42,70,4,0.00298,65,244,"4"
"443",416,"Vespiquen","Pressure",70,80,102,80,102,40,4,0.04139,904,474,"4"
"444",417,"Pachirisu","Run Away",60,45,70,45,90,95,4,0,0,405,"4"
"445",418,"Buizel","Swift Swim",55,65,35,60,30,85,4,0,0,330,"4"
"446",419,"Floatzel","Swift Swim",85,105,55,85,50,115,4,0,0,495,"4"
"447",420,"Cherubi","Chlorophyll",45,35,45,62,53,35,4,0.00147,32,275,"4"
"448",421,"Cherrim","Flower Gift",70,60,70,87,78,85,4,0.02916,637,450,"4"
"449",422,"Shellos","Sticky Hold",76,48,48,57,62,34,4,0.00211,46,325,"4"
"450",423,"Gastrodon","Sticky Hold",111,83,68,92,82,39,4,1.45265,31728,475,"4"
"451",424,"Ambipom","Technician",75,100,66,60,66,115,4,0,0,482,"4"
"452",425,"Drifloon","Aftermath",90,50,34,60,44,70,4,0.00238,52,348,"4"
"453",426,"Drifblim","Aftermath",150,80,44,90,54,80,4,0.18213,3978,498,"4"
"454",427,"Buneary","Run Away",55,66,44,44,56,85,4,0.00522,114,350,"4"
"455",428,"Lopunny","Cute Charm",65,76,84,54,96,105,4,0.139,3036,480,"4"
"456",429,"Mismagius","Levitate",60,60,60,105,105,105,4,0,0,495,"4"
"457",430,"Honchkrow","Insomnia",100,125,52,105,52,71,4,0,0,505,"4"
"458",431,"Glameow","Limber",49,55,42,42,37,85,4,0,0,310,"4"
"459",432,"Purugly","Thick Fat",71,82,64,64,59,112,4,0,0,452,"4"
"460",433,"Chingling","Levitate",45,30,50,65,50,45,4,0,0,285,"4"
"461",434,"Stunky","Stench",63,63,47,41,41,74,4,0.00092,20,329,"4"
"462",435,"Skuntank","Stench",103,93,67,71,61,84,4,0.07174,1567,479,"4"
"463",436,"Bronzor","Levitate",57,24,86,24,86,23,4,0.0033,72,300,"4"
"464",437,"Bronzong","Levitate",67,89,116,79,116,33,4,0.40222,8785,500,"4"
"465",438,"Bonsly","Sturdy",50,80,95,10,45,10,4,0.00256,56,290,"4"
"466",439,"Mime Jr.","Soundproof",20,25,45,70,90,60,4,0.00678,148,310,"4"
"467",440,"Happiny","Natural Cure",100,5,5,15,65,30,4,0.00549,120,220,"4"
"468",441,"Chatot","Keen Eye",76,65,45,92,42,91,4,0,0,411,"4"
"469",442,"Spiritomb","Pressure",50,92,108,92,108,35,4,0.28029,6122,485,"4"
"470",443,"Gible","Sand Veil",58,70,45,40,45,42,4,0.00238,52,300,"4"
"471",444,"Gabite","Sand Veil",68,90,65,50,55,82,4,0.00435,95,410,"4"
"472",445,"Garchomp","Sand Veil",108,130,95,80,85,102,4,16.23828,354667,600,"4"
"473",446,"Munchlax","Pickup",135,85,40,40,85,5,4,0.02083,455,390,"4"
"474",447,"Riolu","Steadfast",40,70,40,35,40,60,4,0.04263,931,285,"4"
"475",448,"Lucario","Steadfast",70,110,70,115,70,90,4,1.3897,30353,525,"4"
"476",449,"Hippopotas","Sand Stream",68,72,78,38,42,32,4,0.01135,248,330,"4"
"477",450,"Hippowdon","Sand Stream",108,112,118,68,72,47,4,3.70672,80960,525,"4"
"478",451,"Skorupi","Battle Armor",40,50,90,30,55,65,4,0.00064,14,330,"4"
"479",452,"Drapion","Battle Armor",70,90,110,60,75,95,4,0.404,8824,500,"4"
"480",453,"Croagunk","Anticipation",48,61,40,61,40,50,4,0.00188,41,300,"4"
"481",454,"Toxicroak","Anticipation",83,106,65,86,65,85,4,0.56407,12320,490,"4"
"482",455,"Carnivine","Levitate",74,100,72,90,72,46,4,0,0,454,"4"
"483",456,"Finneon","Swift Swim",49,49,56,49,61,66,4,0,0,330,"4"
"484",457,"Lumineon","Swift Swim",69,69,76,69,86,91,4,0,0,460,"4"
"485",458,"Mantyke","Swift Swim",45,20,50,60,120,50,4,0.00311,68,345,"4"
"486",459,"Snover","Snow Warning",60,62,50,62,60,40,4,0.0011,24,334,"4"
"487",460,"Abomasnow","Snow Warning",90,92,75,92,85,60,4,0.18016,3935,494,"4"
"488",461,"Weavile","Pressure",70,120,65,45,85,125,4,12.14239,265207,510,"4"
"489",462,"Magnezone","Magnet Pull",70,70,115,130,90,60,4,6.6324,144861,535,"4"
"490",463,"Lickilicky","Own Tempo",110,85,95,80,95,50,4,0.06804,1486,515,"4"
"491",464,"Rhyperior","Lightning Rod",115,140,130,55,55,40,4,0.58238,12720,535,"4"
"492",465,"Tangrowth","Chlorophyll",100,100,125,110,50,50,4,1.87923,41045,535,"4"
"493",466,"Electivire","Motor Drive",75,123,67,95,85,95,4,0.37548,8201,540,"4"
"494",467,"Magmortar","Flame Body",75,95,67,125,95,83,4,0.14363,3137,540,"4"
"495",468,"Togekiss","Hustle",85,50,95,120,115,80,4,2.54027,55483,545,"4"
"496",469,"Yanmega","Speed Boost",86,76,86,116,56,95,4,0,0,515,"4"
"497",470,"Leafeon","Leaf Guard",65,110,130,60,65,95,4,0.27114,5922,525,"4"
"498",471,"Glaceon","Snow Cloak",65,60,110,130,95,65,4,0.1749,3820,525,"4"
"499",472,"Gliscor","Hyper Cutter",75,95,125,45,75,95,4,0,0,510,"4"
"500",473,"Mamoswine","Oblivious",110,130,80,70,60,80,4,2.81864,61563,530,"4"
"501",474,"Porygon-Z","Adaptability",85,80,70,135,75,90,4,0,0,535,"4"
"502",475,"Gallade","Steadfast",68,125,65,65,115,80,4,0.26148,5711,518,"4"
"503",476,"Probopass","Sturdy",60,55,145,75,150,40,4,0,0,525,"4"
"504",477,"Dusknoir","Pressure",45,100,135,65,135,45,4,0.18474,4035,525,"4"
"505",478,"Froslass","Snow Cloak",70,80,70,80,70,110,4,0.35529,7760,480,"4"
"506",479,"Rotom","Levitate",50,50,77,95,77,91,4,4.29926,93902,440,"4"
"507",479,"Rotom","Levitate",50,50,77,95,77,91,4,1.5032,32832,440,"4"
"508",479,"Rotom","Levitate",50,50,77,95,77,91,4,0.24641,5382,440,"4"
"509",479,"Rotom","Levitate",50,50,77,95,77,91,4,0.16565,3618,440,"4"
"510",479,"Rotom","Levitate",50,50,77,95,77,91,4,0.04194,916,440,"4"
"511",479,"Rotom","Levitate",50,50,77,95,77,91,4,0.03773,824,440,"4"
"512",480,"Uxie","Levitate",75,75,130,75,130,95,4,0.50789,11093,580,"4"
"513",481,"Mesprit","Levitate",80,105,105,105,105,80,4,0.06414,1401,580,"4"
"514",482,"Azelf","Levitate",75,125,70,125,70,115,4,0.81634,17830,580,"4"
"515",483,"Dialga","Pressure",100,120,120,150,100,90,4,0,0,680,"4"
"516",484,"Palkia","Pressure",90,120,100,150,120,100,4,0,0,680,"4"
"517",485,"Heatran","Flash Fire",91,90,106,130,106,77,4,14.50872,316891,600,"4"
"518",486,"Regigigas","Slow Start",110,160,110,80,110,100,4,0.22018,4809,670,"4"
"519",487,"Giratina","Pressure",150,100,120,100,120,90,4,0,0,680,"4"
"520",488,"Cresselia","Levitate",120,70,120,75,130,85,4,0.77014,16821,600,"4"
"521",489,"Phione","Hydration",80,80,80,80,80,80,4,0,0,480,"4"
"522",490,"Manaphy","Hydration",100,100,100,100,100,100,4,0,0,600,"4"
"523",491,"Darkrai","Bad Dreams",70,90,90,135,90,125,4,0,0,600,"4"
"524",492,"Shaymin","Natural Cure",100,100,100,100,100,100,4,0,0,600,"4"
"525",493,"Arceus","Multitype",120,120,120,120,120,120,4,0,0,720,"4"
"526",494,"Victini","Victory Star",100,100,100,100,100,100,5,4.32939,94560,600,"5"
"527",495,"Snivy","Overgrow",45,45,55,45,55,63,5,0,0,308,"5"
"528",496,"Servine","Overgrow",60,60,75,60,75,83,5,0,0,413,"5"
"529",497,"Serperior","Overgrow",75,75,95,75,95,113,5,0,0,528,"5"
"530",498,"Tepig","Blaze",65,63,45,45,45,45,5,0,0,308,"5"
"531",499,"Pignite","Blaze",90,93,55,70,55,55,5,0,0,418,"5"
"532",500,"Emboar","Blaze",110,123,65,100,65,65,5,0,0,528,"5"
"533",501,"Oshawott","Torrent",55,55,45,63,45,45,5,0,0,308,"5"
"534",502,"Dewott","Torrent",75,75,60,83,60,60,5,0,0,413,"5"
"535",503,"Samurott","Torrent",95,100,85,108,70,70,5,0,0,528,"5"
"536",504,"Patrat","Run Away",45,55,39,35,39,42,5,0,0,255,"5"
"537",505,"Watchog","Illuminate",60,85,69,60,69,77,5,0,0,420,"5"
"538",506,"Lillipup","Vital Spirit",45,60,45,25,45,55,5,0.00073,16,275,"5"
"539",507,"Herdier","Intimidate",65,80,65,35,65,60,5,0.0011,24,370,"5"
"540",508,"Stoutland","Intimidate",85,110,90,45,90,80,5,0.07797,1703,500,"5"
"541",509,"Purrloin","Limber",41,50,37,50,37,66,5,0.00398,87,281,"5"
"542",510,"Liepard","Limber",64,88,50,88,50,106,5,0.17549,3833,446,"5"
"543",511,"Pansage","Gluttony",50,53,48,53,48,64,5,0,0,316,"5"
"544",512,"Simisage","Gluttony",75,98,63,98,63,101,5,0,0,498,"5"
"545",513,"Pansear","Gluttony",50,53,48,53,48,64,5,0,0,316,"5"
"546",514,"Simisear","Gluttony",75,98,63,98,63,101,5,0,0,498,"5"
"547",515,"Panpour","Gluttony",50,53,48,53,48,64,5,0,0,316,"5"
"548",516,"Simipour","Gluttony",75,98,63,98,63,101,5,0,0,498,"5"
"549",517,"Munna","Forewarn",76,25,45,67,55,24,5,6e-04,13,292,"5"
"550",518,"Musharna","Forewarn",116,55,85,107,95,29,5,0.02733,597,487,"5"
"551",519,"Pidove","Big Pecks",50,55,50,36,30,43,5,0.00206,45,264,"5"
"552",520,"Tranquill","Big Pecks",62,77,62,50,42,65,5,0.00114,25,358,"5"
"553",521,"Unfezant","Big Pecks",80,115,80,65,55,93,5,0.06117,1336,488,"5"
"554",522,"Blitzle","Lightning Rod",45,60,32,50,32,76,5,0,0,295,"5"
"555",523,"Zebstrika","Lightning Rod",75,100,63,80,63,116,5,0,0,497,"5"
"556",524,"Roggenrola","Sturdy",55,75,85,25,25,15,5,0.00911,199,280,"5"
"557",525,"Boldore","Sturdy",70,105,105,50,40,20,5,0.00407,89,390,"5"
"558",526,"Gigalith","Sturdy",85,135,130,60,80,25,5,0.26866,5868,515,"5"
"559",527,"Woobat","Unaware",65,45,43,55,43,72,5,0.00311,68,323,"5"
"560",528,"Swoobat","Unaware",67,57,55,77,55,114,5,0.22732,4965,425,"5"
"561",529,"Drilbur","Sand Rush",60,85,40,30,45,68,5,0.00055,12,328,"5"
"562",530,"Excadrill","Sand Rush",110,135,60,50,65,88,5,4.7453,103644,508,"5"
"563",531,"Audino","Healer",103,60,86,60,86,50,5,0.1222,2669,445,"5"
"564",532,"Timburr","Guts",75,80,55,25,35,35,5,6e-04,13,305,"5"
"565",533,"Gurdurr","Guts",85,105,85,40,50,40,5,0.01625,355,405,"5"
"566",534,"Conkeldurr","Guts",105,140,95,55,65,45,5,1.73707,37940,505,"5"
"567",535,"Tympole","Swift Swim",50,50,40,50,40,64,5,0.00046,10,294,"5"
"568",536,"Palpitoad","Swift Swim",75,65,55,65,55,69,5,0.00458,100,384,"5"
"569",537,"Seismitoad","Swift Swim",105,95,75,85,75,74,5,2.83315,61880,509,"5"
"570",538,"Throh","Guts",120,100,85,30,85,45,5,0.03274,715,465,"5"
"571",539,"Sawk","Sturdy",75,125,75,30,75,85,5,0.09761,2132,465,"5"
"572",540,"Sewaddle","Swarm",45,53,70,40,60,42,5,0,0,310,"5"
"573",541,"Swadloon","Leaf Guard",55,63,90,50,80,42,5,0,0,380,"5"
"574",542,"Leavanny","Swarm",75,103,80,70,80,92,5,0,0,500,"5"
"575",543,"Venipede","Poison Point",30,45,59,30,39,57,5,0.00737,161,260,"5"
"576",544,"Whirlipede","Poison Point",40,55,99,40,79,47,5,0.00334,73,360,"5"
"577",545,"Scolipede","Poison Point",60,100,89,55,69,112,5,0.77362,16897,485,"5"
"578",546,"Cottonee","Prankster",40,27,60,37,50,66,5,0.19669,4296,280,"5"
"579",547,"Whimsicott","Prankster",60,67,85,77,75,116,5,0.86048,18794,480,"5"
"580",548,"Petilil","Chlorophyll",45,35,50,70,50,30,5,0.00114,25,280,"5"
"581",549,"Lilligant","Chlorophyll",70,60,75,110,75,90,5,0.10572,2309,480,"5"
"582",550,"Basculin","Reckless",70,92,65,80,55,98,5,0.06364,1390,460,"5"
"583",551,"Sandile","Intimidate",50,72,35,35,35,65,5,0.00041,9,292,"5"
"584",552,"Krokorok","Intimidate",60,82,45,45,45,74,5,0.00206,45,351,"5"
"585",553,"Krookodile","Intimidate",95,117,80,65,70,92,5,1.3788,30115,519,"5"
"586",554,"Darumaka","Hustle",70,90,45,15,45,50,5,0.0033,72,315,"5"
"587",554,"Darumaka","Hustle",70,90,45,15,45,50,5,0.00311,68,315,"5"
"588",555,"Darmanitan","Sheer Force",105,140,55,30,55,95,5,0.98991,21621,480,"5"
"589",556,"Maractus","Water Absorb",75,86,67,106,67,60,5,0.05842,1276,461,"5"
"590",557,"Dwebble","Sturdy",50,65,85,35,35,55,5,0.00783,171,325,"5"
"591",558,"Crustle","Sturdy",70,105,125,65,75,45,5,0.17078,3730,485,"5"
"592",559,"Scraggy","Shed Skin",50,75,70,35,70,48,5,0.00366,80,348,"5"
"593",560,"Scrafty","Shed Skin",65,90,115,45,115,58,5,0.28904,6313,488,"5"
"594",561,"Sigilyph","Wonder Skin ",72,58,80,103,80,97,5,0.26729,5838,490,"5"
"595",562,"Yamask","Mummy",38,30,85,55,65,30,5,0.00375,82,303,"5"
"596",562,"Yamask","Mummy",38,30,85,55,65,30,5,0.00279,61,303,"5"
"597",563,"Cofagrigus","Mummy",58,50,145,95,105,30,5,0.28895,6311,483,"5"
"598",564,"Tirtouga","Solid Rock",54,78,103,53,45,22,5,0.00833,182,355,"5"
"599",565,"Carracosta","Solid Rock",74,108,133,83,65,32,5,0.11693,2554,495,"5"
"600",566,"Archen","Defeatist",55,112,45,74,45,70,5,0.01374,300,401,"5"
"601",567,"Archeops","Defeatist",75,140,65,112,65,110,5,0.20072,4384,567,"5"
"602",568,"Trubbish","Stench",50,50,62,40,62,65,5,0.0038,83,329,"5"
"603",569,"Garbodor","Stench",80,95,82,60,82,75,5,0.07326,1600,474,"5"
"604",570,"Zorua","Illusion",40,65,40,80,40,65,5,0.00536,117,330,"5"
"605",571,"Zoroark","Illusion",60,105,60,120,60,105,5,1.2431,27151,510,"5"
"606",572,"Minccino","Cute Charm",55,50,40,40,40,75,5,0.00197,43,300,"5"
"607",573,"Cinccino","Cute Charm",75,95,60,65,60,115,5,0.28789,6288,470,"5"
"608",574,"Gothita","Frisk",45,30,50,55,65,45,5,0.00064,14,290,"5"
"609",575,"Gothorita","Frisk",60,45,70,75,85,55,5,0.00142,31,390,"5"
"610",576,"Gothitelle","Frisk",70,55,95,95,110,65,5,0.04661,1018,490,"5"
"611",577,"Solosis","Overcoat",45,30,40,105,50,20,5,0.00751,164,290,"5"
"612",578,"Duosion","Overcoat",65,40,50,125,60,30,5,0.0032,70,370,"5"
"613",579,"Reuniclus","Overcoat",110,65,75,125,85,30,5,1.31287,28675,490,"5"
"614",580,"Ducklett","Keen Eye",62,44,50,44,50,55,5,0,0,305,"5"
"615",581,"Swanna","Keen Eye",75,87,63,87,63,98,5,0,0,473,"5"
"616",582,"Vanillite","Ice Body",36,50,50,65,60,44,5,6e-04,13,305,"5"
"617",583,"Vanillish","Ice Body",51,65,65,80,75,59,5,0.00252,55,395,"5"
"618",584,"Vanilluxe","Ice Body",71,95,85,110,95,79,5,0.24765,5409,535,"5"
"619",585,"Deerling","Chlorophyll",60,60,50,40,50,75,5,0,0,335,"5"
"620",586,"Sawsbuck","Chlorophyll",80,100,70,60,70,95,5,0,0,475,"5"
"621",587,"Emolga","Static",55,75,60,75,60,103,5,0.0777,1697,428,"5"
"622",588,"Karrablast","Swarm",50,75,45,40,45,60,5,0.00201,44,315,"5"
"623",589,"Escavalier","Swarm",70,135,105,60,105,20,5,0.16267,3553,495,"5"
"624",590,"Foongus","Effect Spore",69,55,45,55,55,15,5,0.00554,121,294,"5"
"625",591,"Amoonguss","Effect Spore",114,85,70,85,80,30,5,1.1382,24860,464,"5"
"626",592,"Frillish","Water Absorb",55,40,50,65,85,40,5,0.00229,50,335,"5"
"627",593,"Jellicent","Water Absorb",100,60,70,85,105,60,5,0.38116,8325,480,"5"
"628",594,"Alomomola","Healer",165,75,80,40,45,65,5,0,0,470,"5"
"629",595,"Joltik","Compoundeyes",50,47,50,57,50,65,5,0.00151,33,319,"5"
"630",596,"Galvantula","Compoundeyes",70,77,60,97,60,108,5,1.6493,36023,472,"5"
"631",597,"Ferroseed","Iron Barbs",44,50,91,24,86,10,5,0.03397,742,305,"5"
"632",598,"Ferrothorn","Iron Barbs",74,94,131,54,116,20,5,20.71912,452535,489,"5"
"633",599,"Klink","Plus",40,55,70,45,60,30,5,0.00041,9,300,"5"
"634",600,"Klang","Plus",60,80,95,70,85,50,5,0.00293,64,440,"5"
"635",601,"Klinklang","Plus",60,100,115,70,85,90,5,0.07074,1545,520,"5"
"636",602,"Tynamo","Levitate",35,55,40,45,40,60,5,0,0,275,"5"
"637",603,"Eelektrik","Levitate",65,85,70,75,70,40,5,0,0,405,"5"
"638",604,"Eelektross","Levitate",85,115,80,105,80,50,5,0,0,515,"5"
"639",605,"Elgyem","Telepathy",55,55,55,85,55,30,5,0.00211,46,335,"5"
"640",606,"Beheeyem","Telepathy",75,75,75,125,95,40,5,0.04116,899,485,"5"
"641",607,"Litwick","Flash Fire",50,30,55,65,55,20,5,0.00284,62,275,"5"
"642",608,"Lampent","Flash Fire",60,40,60,95,60,55,5,0.01309,286,370,"5"
"643",609,"Chandelure","Flash Fire",60,55,90,145,90,80,5,1.06504,23262,520,"5"
"644",610,"Axew","Rivalry",46,87,60,30,40,57,5,0.00156,34,320,"5"
"645",611,"Fraxure","Rivalry",66,117,70,40,50,67,5,0.00266,58,410,"5"
"646",612,"Haxorus","Rivalry",76,147,90,60,70,97,5,0.73049,15955,540,"5"
"647",613,"Cubchoo","Snow Cloak",55,70,40,60,40,40,5,0.00046,10,305,"5"
"648",614,"Beartic","Snow Cloak",95,130,80,70,80,50,5,0.08717,1904,505,"5"
"649",615,"Cryogonal","Levitate",80,50,50,95,135,105,5,0.12586,2749,515,"5"
"650",616,"Shelmet","Hydration",50,40,85,40,65,25,5,0.00311,68,305,"5"
"651",617,"Accelgor","Hydration",80,70,40,100,60,145,5,0.34467,7528,495,"5"
"652",618,"Stunfisk","Static",109,66,84,81,99,32,5,0.04803,1049,471,"5"
"653",618,"Stunfisk","Static",109,66,84,81,99,32,5,0.01781,389,471,"5"
"654",619,"Mienfoo","Inner Focus",45,85,50,55,50,65,5,0.00147,32,350,"5"
"655",620,"Mienshao","Inner Focus",65,125,60,95,60,105,5,0.98689,21555,510,"5"
"656",621,"Druddigon","Rough Skin",77,120,90,60,90,48,5,0.47694,10417,485,"5"
"657",622,"Golett","Iron Fist",59,74,50,35,50,35,5,0.0011,24,303,"5"
"658",623,"Golurk","Iron Fist",89,124,80,55,80,55,5,0.32397,7076,483,"5"
"659",624,"Pawniard","Defiant",45,85,70,40,40,60,5,0.00948,207,340,"5"
"660",625,"Bisharp","Defiant",65,125,100,60,70,70,5,6.29629,137520,490,"5"
"661",626,"Bouffalant","Reckless",95,110,95,40,95,55,5,0.07371,1610,490,"5"
"662",627,"Rufflet","Keen Eye",70,83,50,37,50,60,5,0.00192,42,350,"5"
"663",628,"Braviary","Keen Eye",100,123,75,57,75,80,5,0.20109,4392,510,"5"
"664",629,"Vullaby","Big Pecks",70,55,75,45,65,60,5,0.00142,31,370,"5"
"665",630,"Mandibuzz","Big Pecks",110,65,105,55,95,80,5,2.54681,55626,510,"5"
"666",631,"Heatmor","Gluttony",85,97,66,105,66,65,5,0.02211,483,484,"5"
"667",632,"Durant","Swarm",58,109,112,48,48,109,5,0.34219,7474,484,"5"
"668",633,"Deino","Hustle",52,65,50,45,50,38,5,0.00046,10,300,"5"
"669",634,"Zweilous","Hustle",72,85,70,65,70,58,5,0.00591,129,420,"5"
"670",635,"Hydreigon","Levitate",92,105,90,125,90,98,5,2.69767,58921,600,"5"
"671",636,"Larvesta","Flame Body",55,85,55,50,55,60,5,0.00353,77,360,"5"
"672",637,"Volcarona","Flame Body",85,60,65,135,105,100,5,9.67268,211265,550,"5"
"673",638,"Cobalion","Justified",91,90,129,90,72,108,5,0.18268,3990,580,"5"
"674",639,"Terrakion","Justified",91,129,90,72,90,108,5,0.83232,18179,580,"5"
"675",640,"Virizion","Justified",91,90,72,90,129,108,5,0.10013,2187,580,"5"
"676",641,"Tornadus","Prankster",79,115,70,125,80,111,5,7.12518,155624,580,"5"
"677",641,"Tornadus","Prankster",79,115,70,125,80,111,5,0.11812,2580,580,"5"
"678",642,"Thundurus","Prankster",79,115,70,125,80,111,5,1.19676,26139,580,"5"
"679",642,"Thundurus","Prankster",79,115,70,125,80,111,5,0.67056,14646,580,"5"
"680",643,"Reshiram","Turboblaze",100,120,100,150,120,90,5,0,0,680,"5"
"681",644,"Zekrom","Teravolt",100,150,120,120,100,90,5,0,0,680,"5"
"682",645,"Landorus","Sand Force",89,125,90,115,80,101,5,31.215,681780,600,"5"
"683",646,"Kyurem","Pressure",125,130,90,130,90,95,5,0,0,660,"5"
"684",647,"Keldeo","Justified",91,72,90,129,90,108,5,1.16407,25425,580,"5"
"685",648,"Meloetta","Serene Grace",100,77,77,128,128,90,5,0,0,600,"5"
"686",649,"Genesect","Download",71,120,95,120,95,99,5,0,0,600,"5"
"687",650,"Chespin","Overgrow",56,61,65,48,45,38,6,0,0,313,"6"
"688",651,"Quilladin","Overgrow",61,78,95,56,58,57,6,0,0,405,"6"
"689",652,"Chesnaught","Overgrow",88,107,122,74,75,64,6,0,0,530,"6"
"690",653,"Fennekin","Blaze",40,45,40,62,60,60,6,0,0,307,"6"
"691",654,"Braixen","Blaze",59,59,58,90,70,73,6,0,0,409,"6"
"692",655,"Delphox","Blaze",75,69,72,114,100,104,6,0,0,534,"6"
"693",656,"Froakie","Torrent",41,56,40,62,44,71,6,0,0,314,"6"
"694",657,"Frogadier","Torrent",54,63,52,83,56,97,6,0,0,405,"6"
"695",658,"Greninja","Torrent",72,95,67,103,71,122,6,0,0,530,"6"
"696",659,"Bunnelby","Pickup",38,36,38,32,36,57,6,0.0081,177,237,"6"
"697",660,"Diggersby","Pickup",85,56,77,50,77,78,6,0.45391,9914,423,"6"
"698",661,"Fletchling","Big Pecks",45,50,43,40,38,62,6,0.0016,35,278,"6"
"699",662,"Fletchinder","Flame Body",62,73,55,56,52,84,6,0.00142,31,382,"6"
"700",663,"Talonflame","Flame Body",78,81,71,74,69,126,6,0.46915,10247,499,"6"
"701",664,"Scatterbug","Shield Dust",38,35,40,27,25,35,6,0,0,200,"6"
"702",665,"Spewpa","Shed Skin",45,22,60,27,30,29,6,0,0,213,"6"
"703",666,"Vivillon","Shield Dust",80,52,50,90,50,89,6,0,0,411,"6"
"704",667,"Litleo","Rivalry",62,50,58,73,54,72,6,0,0,369,"6"
"705",668,"Pyroar","Rivalry",86,68,72,109,66,106,6,0,0,507,"6"
"706",669,"Flabébé","Flower Veil",44,38,39,61,79,42,6,0,0,303,"6"
"707",670,"Floette","Flower Veil",54,45,47,75,98,52,6,0,0,371,"6"
"708",671,"Florges","Flower Veil",78,65,68,112,154,75,6,0,0,552,"6"
"709",672,"Skiddo","Sap Sipper",66,65,48,62,57,52,6,0,0,350,"6"
"710",673,"Gogoat","Sap Sipper",123,100,62,97,81,68,6,0,0,531,"6"
"711",674,"Pancham","Iron Fist",67,82,62,46,48,43,6,0.0049,107,348,"6"
"712",675,"Pangoro","Iron Fist",95,124,78,69,71,58,6,0.14038,3066,495,"6"
"713",676,"Furfrou","Fur Coat",75,80,60,65,90,102,6,0,0,472,"6"
"714",677,"Espurr","Keen Eye",62,48,54,63,60,68,6,0.00041,9,355,"6"
"715",678,"Meowstic","Keen Eye",74,48,76,83,81,104,6,0.11808,2579,466,"6"
"716",679,"Honedge","No Guard",45,80,100,35,37,28,6,0.00179,39,325,"6"
"717",680,"Doublade","No Guard",59,110,150,45,49,35,6,0.10842,2368,448,"6"
"718",681,"Aegislash","Stance Change",60,50,140,50,140,60,6,3.00406,65613,500,"6"
"719",682,"Spritzee","Healer",78,52,60,63,65,23,6,0.00096,21,341,"6"
"720",683,"Aromatisse","Healer",101,72,72,99,89,29,6,0.0581,1269,462,"6"
"721",684,"Swirlix","Sweet Veil",62,48,66,59,57,49,6,0.02802,612,341,"6"
"722",685,"Slurpuff","Sweet Veil",82,80,86,85,75,72,6,0.90122,19684,480,"6"
"723",686,"Inkay","Contrary",53,54,53,37,46,45,6,0.00357,78,288,"6"
"724",687,"Malamar","Contrary",86,92,88,68,75,73,6,0.51228,11189,482,"6"
"725",688,"Binacle","Tough Claws",42,52,67,39,56,50,6,0.00023,5,306,"6"
"726",689,"Barbaracle","Tough Claws",72,105,115,54,86,68,6,0.20997,4586,500,"6"
"727",690,"Skrelp","Poison Point",50,60,60,60,60,30,6,0.00087,19,320,"6"
"728",691,"Dragalge","Poison Point",65,75,90,97,123,44,6,0.19504,4260,494,"6"
"729",692,"Clauncher","Mega Launcher",50,53,62,58,63,44,6,5e-04,11,330,"6"
"730",693,"Clawitzer","Mega Launcher",71,73,88,120,89,59,6,0.27512,6009,500,"6"
"731",694,"Helioptile","Dry Skin",44,38,33,61,43,70,6,0.00128,28,289,"6"
"732",695,"Heliolisk","Dry Skin",62,55,52,109,94,109,6,0.49896,10898,481,"6"
"733",696,"Tyrunt","Strong Jaw",58,89,77,45,45,48,6,0.00288,63,362,"6"
"734",697,"Tyrantrum","Strong Jaw",82,121,119,69,59,71,6,0.3019,6594,521,"6"
"735",698,"Amaura","Refrigerate",77,59,50,67,63,46,6,0.00243,53,362,"6"
"736",699,"Aurorus","Refrigerate",123,77,72,99,92,58,6,0.18868,4121,521,"6"
"737",700,"Sylveon","Cute Charm",95,65,65,110,130,60,6,0.79422,17347,525,"6"
"738",701,"Hawlucha","Limber",78,92,75,74,63,118,6,4.2592,93027,500,"6"
"739",702,"Dedenne","Cheek Pouch",67,58,57,81,67,101,6,0.0467,1020,431,"6"
"740",703,"Carbink","Clear Body",50,50,150,50,150,50,6,0.06213,1357,500,"6"
"741",704,"Goomy","Sap Sipper",45,50,35,55,75,40,6,0.00174,38,300,"6"
"742",705,"Sliggoo","Sap Sipper",68,75,53,83,113,60,6,0.01099,240,452,"6"
"743",706,"Goodra","Sap Sipper",90,100,70,110,150,80,6,1.03711,22652,600,"6"
"744",707,"Klefki","Prankster",57,80,91,80,87,75,6,0.6842,14944,470,"6"
"745",708,"Phantump","Natural Cure",43,70,48,50,60,38,6,0.00142,31,309,"6"
"746",709,"Trevenant","Natural Cure",85,110,76,65,82,56,6,0.23208,5069,474,"6"
"747",710,"Pumpkaboo","Pickup",49,66,70,44,55,51,6,0.00494,108,335,"6"
"748",710,"Pumpkaboo","Pickup",49,66,70,44,55,51,6,0.00087,19,335,"6"
"749",710,"Pumpkaboo","Pickup",49,66,70,44,55,51,6,6e-04,13,335,"6"
"750",710,"Pumpkaboo","Pickup",49,66,70,44,55,51,6,0.00023,5,335,"6"
"751",711,"Gourgeist","Pickup",65,90,122,58,75,84,6,0.0592,1293,494,"6"
"752",711,"Gourgeist","Pickup",65,90,122,58,75,84,6,0.01337,292,494,"6"
"753",711,"Gourgeist","Pickup",65,90,122,58,75,84,6,0.00829,181,494,"6"
"754",711,"Gourgeist","Pickup",65,90,122,58,75,84,6,0.00279,61,494,"6"
"755",712,"Bergmite","Own Tempo",55,69,85,32,35,28,6,0.00243,53,304,"6"
"756",713,"Avalugg","Own Tempo",95,117,184,44,46,28,6,0.35071,7660,514,"6"
"757",714,"Noibat","Frisk",40,30,35,45,40,55,6,0.00087,19,245,"6"
"758",715,"Noivern","Frisk",85,70,80,97,80,123,6,0.31037,6779,535,"6"
"759",716,"Xerneas","Fairy Aura",126,131,95,131,98,99,6,0,0,680,"6"
"760",717,"Yveltal","Dark Aura",126,131,95,131,98,99,6,0,0,680,"6"
"761",718,"Zygarde","Aura Break",108,100,121,81,95,95,6,0.37172,8119,600,"6"
"762",719,"Diancie","Clear Body",50,100,150,100,150,50,6,0.2531,5528,600,"6"
"763",720,"Hoopa","Magician",80,110,60,150,130,70,6,0,0,600,"6"
"764",721,"Volcanion","Water Absorb",80,110,120,130,90,70,6,2.85201,62292,600,"6"
"765",722,"Rowlet","Overgrow",68,55,55,50,50,42,7,0.00641,140,320,"7"
"766",723,"Dartrix","Overgrow",78,75,75,70,70,52,7,0.00412,90,420,"7"
"767",724,"Decidueye","Overgrow",78,107,75,100,100,70,7,0.49388,10787,530,"7"
"768",725,"Litten","Blaze",45,65,40,60,40,70,7,0.00311,68,320,"7"
"769",726,"Torracat","Blaze",65,85,50,80,50,90,7,0.01415,309,420,"7"
"770",727,"Incineroar","Blaze",95,115,90,80,90,60,7,1.52637,33338,530,"7"
"771",728,"Popplio","Torrent",50,54,54,66,56,40,7,0.00087,19,320,"7"
"772",729,"Brionne","Torrent",60,69,69,91,81,50,7,0.00133,29,420,"7"
"773",730,"Primarina","Torrent",80,74,74,126,116,60,7,0.93776,20482,530,"7"
"774",731,"Pikipek","Keen Eye",35,75,30,30,30,65,7,0,0,265,"7"
"775",732,"Trumbeak","Keen Eye",55,85,50,40,50,75,7,0,0,355,"7"
"776",733,"Toucannon","Keen Eye",80,120,75,75,75,60,7,0,0,485,"7"
"777",734,"Yungoos","Stakeout",48,70,30,30,30,45,7,0,0,253,"7"
"778",735,"Gumshoos","Stakeout",88,110,60,55,60,45,7,0,0,418,"7"
"779",736,"Grubbin","Swarm",47,62,45,55,45,46,7,0.00234,51,300,"7"
"780",737,"Charjabug","Battery",57,82,95,55,75,36,7,0.01053,230,400,"7"
"781",738,"Vikavolt","Levitate",77,70,90,145,75,43,7,0.29073,6350,500,"7"
"782",739,"Crabrawler","Hyper Cutter",47,82,57,42,47,63,7,0,0,338,"7"
"783",740,"Crabominable","Hyper Cutter",97,132,77,62,67,43,7,0,0,478,"7"
"784",741,"Oricorio","Dancer",75,70,70,98,70,93,7,0,0,476,"7"
"785",742,"Cutiefly","Honey Gather",40,45,40,55,40,84,7,0.0032,70,304,"7"
"786",743,"Ribombee","Honey Gather",60,55,60,95,70,124,7,0.64254,14034,464,"7"
"787",744,"Rockruff","Keen Eye",45,65,40,30,40,60,7,0.00119,26,280,"7"
"788",745,"Lycanroc","Keen Eye",75,115,65,55,65,112,7,0.87348,19078,487,"7"
"789",745,"Lycanroc","Keen Eye",75,115,65,55,65,112,7,0.10311,2252,487,"7"
"790",745,"Lycanroc","Keen Eye",75,115,65,55,65,112,7,0.10173,2222,487,"7"
"791",746,"Wishiwashi","Schooling",45,20,20,25,25,40,7,0.04702,1027,175,"7"
"792",747,"Mareanie","Merciless",50,53,62,43,52,45,7,0.00449,98,305,"7"
"793",748,"Toxapex","Merciless",50,63,152,53,142,35,7,12.03763,262919,495,"7"
"794",749,"Mudbray","Own Tempo",70,100,70,45,55,45,7,0.00101,22,385,"7"
"795",750,"Mudsdale","Own Tempo",100,125,100,55,85,35,7,0.19037,4158,500,"7"
"796",751,"Dewpider","Water Bubble",38,40,52,40,72,27,7,0.00385,84,269,"7"
"797",752,"Araquanid","Water Bubble",68,70,92,50,132,42,7,0.73379,16027,454,"7"
"798",753,"Fomantis","Leaf Guard",40,55,35,50,35,35,7,0.00073,16,250,"7"
"799",754,"Lurantis","Leaf Guard",70,105,90,80,90,45,7,0.25676,5608,480,"7"
"800",755,"Morelull","Illuminate",40,35,55,65,75,15,7,0.00275,60,285,"7"
"801",756,"Shiinotic","Illuminate",60,45,80,90,100,30,7,0.13772,3008,405,"7"
"802",757,"Salandit","Corrosion",48,44,40,71,40,77,7,0.00641,140,320,"7"
"803",758,"Salazzle","Corrosion",68,64,60,111,60,117,7,1.07933,23574,480,"7"
"804",759,"Stufful","Fluffy",70,75,50,45,50,50,7,0.00147,32,340,"7"
"805",760,"Bewear","Fluffy",120,125,80,55,60,60,7,0.25603,5592,500,"7"
"806",761,"Bounsweet","Leaf Guard",42,30,38,30,38,32,7,0.00142,31,210,"7"
"807",762,"Steenee","Leaf Guard",52,40,48,40,48,62,7,6e-04,13,290,"7"
"808",763,"Tsareena","Leaf Guard",72,120,98,50,98,72,7,0.37598,8212,510,"7"
"809",764,"Comfey","Flower Veil",51,52,90,82,110,100,7,0.33487,7314,485,"7"
"810",765,"Oranguru","Inner Focus",90,60,80,90,110,60,7,0.03342,730,490,"7"
"811",766,"Passimian","Receiver",100,120,90,40,60,80,7,0.05169,1129,490,"7"
"812",767,"Wimpod","Wimp Out",25,35,40,20,30,80,7,0.00101,22,230,"7"
"813",768,"Golisopod","Emergency Exit",75,125,140,60,90,40,7,0.55697,12165,530,"7"
"814",769,"Sandygast","Water Compaction",55,55,80,70,45,15,7,0.00147,32,320,"7"
"815",770,"Palossand","Water Compaction",85,75,110,100,75,35,7,0.13566,2963,480,"7"
"816",771,"Pyukumuku","Innards Out",55,60,130,30,130,5,7,0.37305,8148,410,"7"
"817",772,"Type: Null","Battle Armor",95,95,95,95,95,59,7,0.03786,827,534,"7"
"818",773,"Silvally","RKS System",95,95,95,95,95,95,7,0.069,1507,570,"7"
"819",773,"Silvally","RKS System",95,95,95,95,95,95,7,0.05975,1305,570,"7"
"820",773,"Silvally","RKS System",95,95,95,95,95,95,7,0.04611,1007,570,"7"
"821",773,"Silvally","RKS System",95,95,95,95,95,95,7,0.04496,982,570,"7"
"822",773,"Silvally","RKS System",95,95,95,95,95,95,7,0.03699,808,570,"7"
"823",773,"Silvally","RKS System",95,95,95,95,95,95,7,0.03443,752,570,"7"
"824",773,"Silvally","RKS System",95,95,95,95,95,95,7,0.0299,653,570,"7"
"825",773,"Silvally","RKS System",95,95,95,95,95,95,7,0.02825,617,570,"7"
"826",773,"Silvally","RKS System",95,95,95,95,95,95,7,0.0163,356,570,"7"
"827",773,"Silvally","RKS System",95,95,95,95,95,95,7,0.01433,313,570,"7"
"828",773,"Silvally","RKS System",95,95,95,95,95,95,7,0.01406,307,570,"7"
"829",773,"Silvally","RKS System",95,95,95,95,95,95,7,0.01396,305,570,"7"
"830",773,"Silvally","RKS System",95,95,95,95,95,95,7,0.01287,281,570,"7"
"831",773,"Silvally","RKS System",95,95,95,95,95,95,7,0.01145,250,570,"7"
"832",773,"Silvally","RKS System",95,95,95,95,95,95,7,0.00893,195,570,"7"
"833",773,"Silvally","RKS System",95,95,95,95,95,95,7,0.00668,146,570,"7"
"834",773,"Silvally","RKS System",95,95,95,95,95,95,7,0.0049,107,570,"7"
"835",773,"Silvally","RKS System",95,95,95,95,95,95,7,0.00371,81,570,"7"
"836",774,"Minior","Shields Down",60,60,100,60,100,60,7,0,0,440,"7"
"837",775,"Komala","Comatose",65,115,65,75,95,65,7,0,0,480,"7"
"838",776,"Turtonator","Shell Armor",60,78,135,91,85,36,7,0.2525,5515,485,"7"
"839",777,"Togedemaru","Iron Barbs",65,98,63,40,73,96,7,0.34943,7632,435,"7"
"840",778,"Mimikyu","Disguise",55,90,80,50,105,96,7,1.63607,35734,476,"7"
"841",779,"Bruxish","Dazzling",68,105,70,70,70,92,7,0,0,475,"7"
"842",780,"Drampa","Berserk",78,60,85,135,91,36,7,0.14624,3194,485,"7"
"843",781,"Dhelmise","Steelworker",70,131,100,86,90,40,7,0.22494,4913,517,"7"
"844",782,"Jangmo-o","Bulletproof",45,55,65,45,45,45,7,0,0,300,"7"
"845",783,"Hakamo-o","Bulletproof",55,75,90,65,70,65,7,0,0,420,"7"
"846",784,"Kommo-o","Bulletproof",75,110,125,100,105,85,7,0,0,600,"7"
"847",785,"Tapu Koko","Electric Surge",70,115,85,95,75,130,7,7.58586,165686,570,"7"
"848",786,"Tapu Lele","Psychic Surge",70,85,75,130,115,95,7,11.4493,250069,570,"7"
"849",787,"Tapu Bulu","Grassy Surge",70,130,115,85,95,75,7,0.96312,21036,570,"7"
"850",788,"Tapu Fini","Misty Surge",70,75,115,95,130,85,7,9.97435,217854,570,"7"
"851",789,"Cosmog","Unaware",43,29,31,29,31,37,7,0.00147,32,200,"7"
"852",790,"Cosmoem","Sturdy",43,29,131,29,131,37,7,0.00568,124,400,"7"
"853",791,"Solgaleo","Full Metal Body",137,137,107,113,89,97,7,0,0,680,"7"
"854",792,"Lunala","Shadow Shield",137,113,89,137,107,97,7,0,0,680,"7"
"855",793,"Nihilego","Beast Boost",109,53,47,127,131,103,7,1.83962,40180,570,"7"
"856",794,"Buzzwole","Beast Boost",107,139,139,53,53,79,7,5.73172,125189,570,"7"
"857",795,"Pheromosa","Beast Boost",71,137,37,137,37,151,7,0,0,570,"7"
"858",796,"Xurkitree","Beast Boost",83,89,71,173,71,83,7,0.62381,13625,570,"7"
"859",797,"Celesteela","Beast Boost",97,101,103,107,101,61,7,1.9181,41894,570,"7"
"860",798,"Kartana","Beast Boost",59,181,131,59,31,109,7,14.60226,318934,570,"7"
"861",799,"Guzzlord","Beast Boost",223,101,53,97,53,43,7,0.12467,2723,570,"7"
"862",800,"Necrozma","Prism Armor",97,107,101,127,89,79,7,0.77239,16870,600,"7"
"863",801,"Magearna","Soul-Heart",80,95,115,130,115,65,7,0,0,600,"7"
"864",802,"Marshadow","Technician",90,125,80,90,90,125,7,0,0,600,"7"
"865",803,"Poipole","Beast Boost",67,73,67,73,67,73,7,0.013,284,420,"7"
"866",804,"Naganadel","Beast Boost",73,73,73,127,73,121,7,0,0,540,"7"
"867",805,"Stakataka","Beast Boost",61,131,211,53,101,13,7,0.69496,15179,570,"7"
"868",806,"Blacephalon","Beast Boost",53,127,53,151,79,107,7,7.05078,153999,570,"7"
"869",807,"Zeraora","Volt Absorb",88,112,75,102,80,143,7,7.74432,169147,600,"7"
"870",808,"Meltan","Magnet Pull",46,65,65,55,35,34,7,0.0016,35,300,"7"
"871",809,"Melmetal","Iron Fist",135,143,143,80,65,34,8,9.60702,209831,600,"8"
"872",810,"Grookey","Overgrow",50,65,50,40,40,65,8,0.00632,138,310,"8"
"873",811,"Thwackey","Overgrow",70,85,70,55,60,80,8,0.00897,196,420,"8"
"874",812,"Rillaboom","Overgrow",100,125,90,60,70,85,8,9.67932,211410,530,"8"
"875",813,"Scorbunny","Blaze",50,71,40,40,40,69,8,0.00549,120,310,"8"
"876",814,"Raboot","Blaze",65,86,60,55,60,94,8,0.0548,1197,420,"8"
"877",815,"Cinderace","Blaze",80,116,75,65,75,119,8,0,0,530,"8"
"878",816,"Sobble","Torrent",50,40,40,70,40,70,8,0.0016,35,310,"8"
"879",817,"Drizzile","Torrent",65,60,55,95,55,90,8,0.00169,37,420,"8"
"880",818,"Inteleon","Torrent",70,85,65,125,65,120,8,0.70234,15340,530,"8"
"881",819,"Skwovet","Cheek Pouch",70,55,55,35,35,25,8,0.00124,27,275,"8"
"882",820,"Greedent","Cheek Pouch",120,95,95,55,75,20,8,0.08195,1790,460,"8"
"883",821,"Rookidee","Keen Eye",38,47,35,33,35,57,8,0.00073,16,245,"8"
"884",822,"Corvisquire","Keen Eye",68,67,55,43,55,77,8,0.00101,22,365,"8"
"885",823,"Corviknight","Pressure",98,87,105,53,85,67,8,12.68196,276992,495,"8"
"886",824,"Blipbug","Swarm",25,20,20,25,45,45,8,0.00119,26,180,"8"
"887",825,"Dottler","Swarm",50,35,80,50,90,30,8,0.00462,101,335,"8"
"888",826,"Orbeetle","Swarm",60,45,110,80,120,90,8,0.17481,3818,505,"8"
"889",827,"Nickit","Run Away",40,28,28,47,52,50,8,0.00032,7,245,"8"
"890",828,"Thievul","Run Away",70,58,58,87,92,90,8,0.04093,894,455,"8"
"891",829,"Gossifleur","Cotton Down",40,40,60,40,60,10,8,0.00023,5,250,"8"
"892",830,"Eldegoss","Cotton Down",60,50,90,80,120,60,8,0.15113,3301,460,"8"
"893",831,"Wooloo","Fluffy",42,40,55,40,45,48,8,0.00568,124,270,"8"
"894",832,"Dubwool","Fluffy",72,80,100,60,90,88,8,0.21688,4737,490,"8"
"895",833,"Chewtle","Strong Jaw",50,64,50,38,38,44,8,0.00055,12,284,"8"
"896",834,"Drednaw","Strong Jaw",90,115,90,48,68,74,8,0.08273,1807,485,"8"
"897",835,"Yamper","Ball Fetch",59,45,50,40,50,26,8,0.00229,50,270,"8"
"898",836,"Boltund","Strong Jaw",69,90,60,90,60,121,8,0.10622,2320,490,"8"
"899",837,"Rolycoly","Steam Engine",30,40,50,40,50,30,8,5e-04,11,240,"8"
"900",838,"Carkol","Steam Engine",80,60,90,60,70,50,8,0.00678,148,410,"8"
"901",839,"Coalossal","Steam Engine",110,80,120,80,90,30,8,0.14413,3148,510,"8"
"902",840,"Applin","Ripen",40,40,80,40,40,20,8,0.00114,25,260,"8"
"903",841,"Flapple","Ripen",70,110,80,95,60,70,8,0.09482,2071,485,"8"
"904",842,"Appletun","Ripen",110,85,80,100,80,30,8,0.16913,3694,485,"8"
"905",843,"Silicobra","Sand Spit",52,57,75,35,50,46,8,0.00215,47,315,"8"
"906",844,"Sandaconda","Sand Spit",72,107,125,65,70,71,8,0.32928,7192,510,"8"
"907",845,"Cramorant","Gulp Missile",70,85,55,85,95,85,8,0.13534,2956,475,"8"
"908",846,"Arrokuda","Swift Swim",41,63,40,40,30,66,8,0.00114,25,280,"8"
"909",847,"Barraskewda","Swift Swim",61,123,60,60,50,136,8,6.5395,142832,490,"8"
"910",848,"Toxel","Rattled",40,38,35,54,35,40,8,0.00064,14,242,"8"
"911",849,"Toxtricity","Punk Rock",75,98,70,114,70,75,8,0.8608,18801,502,"8"
"912",850,"Sizzlipede","Flash Fire",50,65,45,50,50,45,8,0.00243,53,305,"8"
"913",851,"Centiskorch","Flash Fire",100,115,65,90,90,65,8,0.23886,5217,525,"8"
"914",852,"Clobbopus","Limber",50,68,60,50,50,32,8,0.00037,8,310,"8"
"915",853,"Grapploct","Limber",80,118,90,70,80,42,8,0.07673,1676,480,"8"
"916",854,"Sinistea","Weak Armor",40,45,45,74,54,50,8,0.00215,47,308,"8"
"917",855,"Polteageist","Weak Armor",60,65,65,134,114,70,8,1.33705,29203,508,"8"
"918",856,"Hatenna","Healer",42,30,45,56,53,39,8,0.00197,43,265,"8"
"919",857,"Hattrem","Healer",57,40,65,86,73,49,8,0.02001,437,370,"8"
"920",858,"Hatterene","Healer",57,90,95,136,103,29,8,2.76127,60310,510,"8"
"921",859,"Impidimp","Prankster",45,45,30,55,40,50,8,0.00174,38,265,"8"
"922",860,"Morgrem","Prankster",65,60,45,75,55,70,8,0.00476,104,370,"8"
"923",861,"Grimmsnarl","Prankster",95,120,65,95,75,60,8,1.7677,38609,510,"8"
"924",862,"Obstagoon","Reckless",93,90,101,60,81,95,8,0.74794,16336,520,"8"
"925",863,"Perrserker","Battle Armor",70,110,100,50,60,50,8,0.04647,1015,440,"8"
"926",864,"Cursola","Weak Armor",60,95,50,145,130,30,8,0.15741,3438,510,"8"
"927",865,"Sirfetch'd","Steadfast",62,135,95,68,82,65,8,0.30694,6704,507,"8"
"928",866,"Mr. Rime","Tangled Feet",80,85,75,110,100,70,8,0.09903,2163,520,"8"
"929",867,"Runerigus","Wandering Spirit",58,95,145,50,105,30,8,0.26294,5743,483,"8"
"930",868,"Milcery","Sweet Veil",45,40,40,50,61,34,8,0.00027,6,270,"8"
"931",869,"Alcremie","Sweet Veil",65,60,75,110,121,64,8,0.07696,1681,495,"8"
"932",870,"Falinks","Battle Armor",65,100,100,70,60,75,8,0.10233,2235,470,"8"
"933",871,"Pincurchin","Lightning Rod",48,101,95,91,85,15,8,0.19014,4153,435,"8"
"934",872,"Snom","Shield Dust",30,25,35,45,30,20,8,0.00517,113,185,"8"
"935",873,"Frosmoth","Shield Dust",70,65,60,125,90,65,8,0.2221,4851,475,"8"
"936",874,"Stonjourner","Power Spot",100,125,135,20,20,70,8,0.02321,507,470,"8"
"937",875,"Eiscue","Ice Face",75,80,110,65,90,50,8,0.28025,6121,470,"8"
"938",876,"Indeedee","Inner Focus",60,65,55,105,95,95,8,0.29792,6507,475,"8"
"939",876,"Indeedee","Inner Focus",60,65,55,105,95,95,8,0.09313,2034,475,"8"
"940",877,"Morpeko","Hunger Switch",58,95,58,70,58,97,8,0.21766,4754,436,"8"
"941",878,"Cufant","Sheer Force",72,80,49,40,49,40,8,0.0011,24,330,"8"
"942",879,"Copperajah","Sheer Force",122,130,69,80,69,30,8,0.09056,1978,500,"8"
"943",880,"Dracozolt","Volt Absorb",90,100,90,80,70,75,8,1.63648,35743,505,"8"
"944",881,"Arctozolt","Volt Absorb",90,100,90,90,80,55,8,1.59532,34844,505,"8"
"945",882,"Dracovish","Water Absorb",90,90,100,70,80,75,8,0,0,505,"8"
"946",883,"Arctovish","Water Absorb",90,90,100,80,90,55,8,0.21162,4622,505,"8"
"947",884,"Duraludon","Light Metal",70,95,115,120,50,85,8,0.18286,3994,535,"8"
"948",885,"Dreepy","Clear Body",28,60,30,40,30,82,8,6e-04,13,270,"8"
"949",886,"Drakloak","Clear Body",68,80,50,60,50,102,8,0.00682,149,410,"8"
"950",887,"Dragapult","Clear Body",88,120,75,100,75,142,8,19.01493,415313,600,"8"
"951",888,"Zacian","Intrepid Sword",92,130,115,80,115,138,8,0,0,670,"8"
"952",889,"Zamazenta","Dauntless Shield",92,130,115,80,115,138,8,0,0,670,"8"
"953",890,"Eternatus","Pressure",140,85,95,145,95,130,8,0,0,690,"8"
"954",891,"Kubfu","Inner Focus",60,90,60,53,50,72,8,0.00179,39,385,"8"
"955",892,"Urshifu","Unseen Fist",100,130,100,63,60,97,8,11.85175,258859,550,"8"
"956",893,"Zarude","Leaf Guard",105,120,105,70,95,105,8,0.62459,13642,600,"8"
"957",894,"Regieleki","Transistor",80,100,50,100,50,200,8,7.76016,169493,580,"8"
"958",895,"Regidrago","Dragon's Maw",200,100,50,100,50,80,8,0.44374,9692,580,"8"
"959",896,"Glastrier","Chilling Neigh",100,145,130,65,110,30,8,0.31633,6909,580,"8"
"960",897,"Spectrier","Grim Neigh",100,65,60,145,80,130,8,0,0,580,"8"
"961",898,"Calyrex","Unnerve",100,80,80,80,80,80,8,0.00787,172,500,"8"
"962",899,"Wyrdeer","Intimidate",103,105,72,105,75,65,0,0,0,525,"0"
"963",900,"Kleavor","Swarm",70,135,95,45,70,85,0,0,0,500,"0"
"964",901,"Ursaluna","Guts",130,140,105,45,80,50,0,0,0,550,"0"
"965",902,"Basculegion","Rattled",120,112,65,80,75,78,0,0,0,530,"0"
"966",903,"Sneasler","Pressure",80,130,60,40,80,120,0,0,0,510,"0"
"967",904,"Overqwil","Poison Point",85,115,95,65,65,85,0,0,0,510,"0"
"968",905,"Enamorus","Healer",74,115,70,135,80,106,0,0,0,580,"0"
